{
  "uuid": "cb6f001b-bd41-4d2b-8f27-32bac4cbc5cb",
  "starterPrompted": true,
  "starterLocked": false,
  "starterSelected": true,
  "starterUUID": "a61a158f-832e-4f29-b8a8-73356c2cf96c",
  "keyItems": [],
  "battleTheme": "cobblemon:battle.pvp.default",
  "extraData": {},
  "advancementData": {
    "totalCaptureCount": 3,
    "totalEggsHatched": 0,
    "totalEvolvedCount": 0,
    "totalBattleVictoryCount": 9,
    "totalPvPBattleVictoryCount": 0,
    "totalPvWBattleVictoryCount": 9,
    "totalPvNBattleVictoryCount": 0,
    "totalShinyCaptureCount": 0,
    "totalTradedCount": 0,
    "totalTypeCaptureCounts": {
      "ground": 1,
      "rock": 1,
      "water": 1,
      "normal": 1,
      "flying": 1
    },
    "totalDefeatedCounts": {
      "cobblemon:doduo": 1,
      "cobblemon:patrat": 1,
      "cobblemon:woobat": 1,
      "cobblemon:spewpa": 1,
      "cobblemon:wooloo": 2,
      "cobblemon:zigzagoon": 1,
      "cobblemon:pidgey": 1
    },
    "aspectsCollected": {}
  }
}