{"stats":{"minecraft:picked_up":{"minecraft:oak_log":5},"minecraft:mined":{"minecraft:oak_log":5},"minecraft:custom":{"minecraft:jump":73,"minecraft:time_since_rest":125,"minecraft:crouch_one_cm":236,"minecraft:sprint_one_cm":10896,"minecraft:walk_one_cm":10596,"minecraft:leave_game":2,"minecraft:play_time":8372,"minecraft:damage_taken":310,"minecraft:time_since_death":123,"minecraft:deaths":2,"minecraft:sneak_time":207,"minecraft:total_world_time":8372,"minecraft:fall_one_cm":2215,"minecraft:fly_one_cm":18215}},"DataVersion":3465}