{"stats":{"minecraft:custom":{"minecraft:jump":68,"minecraft:time_since_rest":10589,"minecraft:crouch_one_cm":135,"minecraft:leave_game":1,"minecraft:play_time":10589,"minecraft:sprint_one_cm":16172,"minecraft:damage_taken":280,"minecraft:time_since_death":10589,"minecraft:walk_one_cm":24720,"minecraft:sneak_time":284,"minecraft:total_world_time":10589,"minecraft:fall_one_cm":1587,"minecraft:fly_one_cm":8988},"minecraft:mined":{"minecraft:grass":5,"minecraft:grass_block":1},"minecraft:picked_up":{"minecraft:dirt":1},"minecraft:used":{"minecraft:baked_potato":4}},"DataVersion":3465}