{"stats":{"minecraft:used":{"sushigocrafting:cucumber_seeds":7,"minecraft:stone_sword":152,"minecraft:redstone":1,"minecraft:ladder":4,"minecraft:chest":4,"minecraft:iron_sword":467,"minecraft:rotten_flesh":2,"minecraft:stone_hoe":39,"minecraft:torch":108,"minecraft:dirt":132,"minecraft:mutton":5,"wizards_reborn:arcanemicon":1,"minecraft:wooden_axe":3,"minecraft:iron_axe":16,"onlyhammersandexcavators:stone_hammer":310,"cobblemon:pc":1,"minecraft:item_frame":1,"minecraft:golden_carrot":11,"minecraft:beef":8,"minecraft:furnace":4,"tombstone:gift":1,"comforts:sleeping_bag_white":29,"minecraft:cooked_beef":17,"minecraft:potato":27,"vinery:red_grape":22,"minecraft:cooked_mutton":2,"minecraft:water_bucket":49,"minecraft:stone_pickaxe":117,"minecraft:baked_potato":99,"minecraft:wooden_pickaxe":15,"minecraft:leather_chestplate":1,"minecraft:cherry_planks":4,"minecraft:leather_boots":1,"forbidden_arcanus:edelwood_suspicious_stew_bucket":1,"cobblemon:vivichoke_seeds":3,"minecraft:crafting_table":12,"minecraft:white_bed":1,"minecraft:blast_furnace":1,"minecraft:campfire":1,"cobblemon:white_apricorn_seed":6,"minecraft:smoker":2,"waystones:waystone":2,"dynamictrees:cherry_seed":1,"minecraft:apple":15,"minecraft:bread":30,"minecraft:iron_pickaxe":373,"minecraft:stone_axe":31,"minecraft:cobblestone":456,"chalk:light_blue_chalk":12,"minecraft:bucket":57,"sushigocrafting:rice_seeds":1,"vinery:red_grape_seeds":1},"minecraft:killed":{"minecraft:cave_spider":1,"minecraft:spider":4,"grimoireofgaia:minotaurus":4,"grimoireofgaia:goblin":1,"minecraft:skeleton":10,"grimoireofgaia:mimic":1,"minecraft:drowned":1,"grimoireofgaia:spriggan":1,"laendli_transport:slabcrab":2,"minecraft:zombie_villager":1,"grimoireofgaia:bone_knight":1,"minecraft:creeper":7,"minecraft:sheep":7,"laendli_transport:crab":4,"minecraft:zombie":45,"grimoireofgaia:harpy":3,"grimoireofgaia:werecat":2,"minecraft:cow":12},"minecraft:killed_by":{"minecraft:witch":1},"minecraft:custom":{"minecraft:mob_kills":114,"minecraft:interact_with_crafting_table":66,"minecraft:open_barrel":7,"minecraft:interact_with_campfire":4,"minecraft:damage_dealt_resisted":116,"minecraft:leave_game":7,"minecraft:time_since_death":65482,"minecraft:climb_one_cm":19124,"minecraft:sprint_one_cm":1105810,"minecraft:walk_one_cm":1195955,"minecraft:drop":124,"minecraft:talked_to_villager":7,"minecraft:play_time":480107,"minecraft:sneak_time":24286,"minecraft:deaths":1,"minecraft:walk_under_water_one_cm":28441,"minecraft:interact_with_brewingstand":1,"minecraft:jump":5415,"minecraft:interact_with_blast_furnace":4,"minecraft:walk_on_water_one_cm":74941,"minecraft:total_world_time":480107,"minecraft:interact_with_furnace":18,"minecraft:sleep_in_bed":30,"minecraft:time_since_rest":11020,"minecraft:waystone_activated":4,"minecraft:damage_taken":9659,"minecraft:damage_dealt":24041,"tombstone:cast_on_ally":1,"minecraft:player_kills":1,"minecraft:swim_one_cm":56433,"minecraft:fly_one_cm":1051984,"minecraft:open_chest":119,"minecraft:crouch_one_cm":59797,"tombstone:undead_killed":58,"minecraft:interact_with_smoker":22,"minecraft:inspect_dispenser":1,"minecraft:fall_one_cm":113044},"minecraft:dropped":{"minecraft:iron_sword":1,"iceandfire:raw_silver":2,"knightlib:small_essence":3,"minecraft:wheat_seeds":27,"minecraft:cooked_beef":4,"minecraft:baked_potato":13,"minecraft:ender_pearl":1,"sushigocrafting:wasabi_seeds":2,"minecraft:glass_bottle":1,"minecraft:feather":4,"minecraft:cobblestone":92,"minecraft:rail":1,"minecraft:coal":1,"minecraft:flint":3,"minecraft:item_frame":1,"minecraft:stick":4,"minecraft:dirt":3,"minecraft:gray_wool":2,"minecraft:torch":1,"tombstone:grave_key":2,"minecraft:wooden_axe":2,"cobblemon:fighting_gem":1,"minecraft:gold_nugget":1,"minecraft:bone_meal":3,"minecraft:iron_pickaxe":1,"chalk:light_blue_chalk":1,"minecraft:string":2,"dynamictrees:acacia_seed":16,"minecraft:acacia_planks":1,"minecraft:armor_stand":2,"minecraft:redstone":2,"vinery:red_grape_seeds":1,"minecraft:furnace":1,"car:canola_seeds":5,"minecraft:stone_axe":1,"minecraft:iron_nugget":2,"dynamictrees:oak_seed":6,"minecraft:tuff":1,"minecraft:wheat":9,"minecraft:raw_iron":4,"tombstone:gift":4,"cobblemon:cheri_berry":2,"minecraft:rotten_flesh":15,"sushigocrafting:rice_seeds":3,"cobblemon:premier_ball":7,"vinery:white_grape":2,"create:asurine":4,"minecraft:honey_bottle":1,"cobblemon:coba_berry":3,"minecraft:gunpowder":4,"minecraft:bundle":1,"minecraft:andesite":3,"minecraft:mossy_stone_bricks":1,"minecraft:leather_leggings":1,"minecraft:spider_eye":1,"minecraft:stone_pickaxe":2,"minecraft:wooden_pickaxe":1,"grimoireofgaia:meat":2,"exposure:photograph":1,"minecraft:calcite":3,"minecraft:cooked_rabbit":1,"minecraft:black_wool":2},"minecraft:picked_up":{"minecraft:wooden_axe":1,"minecraft:azure_bluet":1,"minecraft:charcoal":1,"minecraft:crafting_table":8,"vinery:red_grape":24,"minecraft:chicken":2,"minecraft:ladder":4,"minecraft:leather_leggings":1,"cobblemon:red_apricorn":5,"vinery:red_grape_seeds":1,"tombstone:grave_key":2,"minecraft:brewing_stand":1,"sushigocrafting:soy_seeds":2,"minecraft:amethyst_block":11,"forbidden_arcanus:xpetrified_orb":5,"minecraft:string":4,"minecraft:iron_axe":1,"minecraft:armor_stand":2,"minecraft:item_frame":2,"cobblemon:white_apricorn":34,"sushigocrafting:sesame_seeds":2,"minecraft:smooth_stone":2,"minecraft:cobbled_deepslate":4,"minecraft:gold_nugget":7,"cobblemon:green_apricorn":6,"comforts:sleeping_bag_white":28,"cobblemon:white_apricorn_seed":6,"minecraft:beef":28,"cobblemon:oran_berry":20,"cobblemon:relic_coin":24,"minecraft:calcite":7,"minecraft:iron_pickaxe":1,"minecraft:iron_nugget":4,"dynamictrees:oak_seed":8,"minecraft:chest":1,"wizards_reborn:arcanum":1,"minecraft:phantom_membrane":2,"cobblemon:green_apricorn_seed":1,"minecraft:furnace":2,"knightlib:small_essence":21,"minecraft:raw_iron":43,"minecraft:stick":40,"cobblemon:apricorn_log":5,"grimoireofgaia:meat":2,"minecraft:copper_ingot":7,"minecraft:torch":39,"minecraft:porkchop":6,"minecraft:cherry_log":13,"minecraft:carrot":1,"minecraft:redstone":5,"minecraft:arrow":9,"minecraft:honey_bottle":2,"minecraft:rotten_flesh":41,"cobblemon:revive":1,"create:asurine":4,"minecraft:saddle":1,"minecraft:mutton":15,"cobblemon:blue_apricorn":4,"minecraft:rail":1,"minecraft:white_wool":8,"minecraft:cobblestone":737,"minecraft:feather":4,"minecraft:cooked_beef":4,"sushigocrafting:rice_seeds":5,"minecraft:andesite":3,"minecraft:leather":19,"minecraft:smoker":2,"minecraft:potato":4,"minecraft:flint":3,"minecraft:tuff":1,"minecraft:oak_log":17,"cobblemon:bluk_berry":14,"minecraft:gunpowder":8,"minecraft:dirt":158,"tombstone:gift":1,"minecraft:glass":2,"cobblemon:fighting_gem":2,"sushigocrafting:wasabi_seeds":3,"minecraft:bone":14,"minecraft:acacia_planks":1,"theurgy:sal_ammoniac_crystal":9,"minecraft:bow":1,"minecraft:wheat_seeds":47,"cobblemon:thunder_stone":1,"minecraft:iron_ingot":5,"minecraft:stone_pickaxe":1,"cobblemon:coba_berry":3,"minecraft:mossy_stone_bricks":3,"minecraft:stone_hoe":1,"minecraft:oak_planks":4,"minecraft:iron_sword":1,"goodending:spicy_wildflowers":2,"car:canola_seeds":11,"sushigocrafting:cucumber_seeds":7,"cobblemon:blue_apricorn_seed":1,"minecraft:gravel":2,"cobblemon:cheri_berry":17,"vinery:white_grape":4,"minecraft:sand":2,"minecraft:amethyst_shard":44,"dynamictrees:acacia_seed":16,"cobblemon:persim_berry":26,"minecraft:blast_furnace":1,"cobblemon:vivichoke":3,"cobblemon:aspear_berry":19,"minecraft:spider_eye":5,"minecraft:leather_helmet":1,"minecraft:bundle":2,"waystones:waystone":2,"dynamictrees:cherry_seed":1,"minecraft:bone_meal":3,"minecraft:gray_wool":2,"minecraft:baked_potato":1,"tombstone:magic_scroll":1,"minecraft:black_wool":2,"minecraft:coal":21,"iceandfire:raw_silver":2,"minecraft:ender_pearl":3},"minecraft:broken":{"minecraft:leather_helmet":1,"minecraft:stone_sword":1,"minecraft:leather_chestplate":1,"minecraft:leather_boots":1,"minecraft:iron_sword":1,"minecraft:iron_pickaxe":1},"minecraft:mined":{"minecraft:large_amethyst_bud":1,"minecraft:tuff":1,"minecraft:cherry_log":5,"cobblemon:apricorn_log":5,"minecraft:brewing_stand":1,"minecraft:budding_amethyst":1,"minecraft:ladder":1,"minecraft:grass_block":30,"minecraft:redstone_wire":1,"iceandfire:deepslate_silver_ore":2,"comforts:sleeping_bag_white":1,"dynamictrees:oak_leaves":3,"minecraft:furnace":1,"dynamictrees:dark_oak_leaves":1,"minecraft:iron_ore":26,"wizards_reborn:deepslate_arcanum_ore":1,"minecraft:andesite":4,"dynamictrees:spruce_leaves":1,"create:asurine":4,"minecraft:deepslate_iron_ore":10,"cobblemon:white_apricorn_sapling":2,"cobblemon:vivichoke_seeds":2,"minecraft:stone":611,"minecraft:cyan_terracotta":1,"minecraft:amethyst_cluster":5,"minecraft:smoker":2,"minecraft:stripped_dark_oak_log":1,"cobblemon:apricorn_leaves":10,"minecraft:crafting_table":7,"minecraft:torch":17,"minecraft:blast_furnace":1,"dynamictrees:acacia_leaves":14,"minecraft:calcite":5,"minecraft:chest":2,"minecraft:tall_grass":26,"minecraft:cobblestone":54,"theurgy:sal_ammoniac_ore":9,"minecraft:oak_planks":3,"cobblemon:oran_berry":1,"minecraft:wall_torch":14,"cobblemon:relic_coin_pouch":5,"minecraft:amethyst_block":7,"forbidden_arcanus:xpetrified_ore":5,"minecraft:stripped_oak_wood":1,"cobblemon:persim_berry":1,"minecraft:stone_brick_stairs":1,"sushigocrafting:cucumber_crop":1,"minecraft:grass":173,"minecraft:coal_ore":11,"minecraft:oak_log":5,"minecraft:sand":2,"minecraft:dirt":31,"minecraft:smooth_basalt":3,"minecraft:cobweb":1,"minecraft:deepslate":5,"minecraft:oak_leaves":3,"minecraft:fern":1},"minecraft:crafted":{"minecraft:cherry_planks":32,"minecraft:smooth_stone":2,"minecraft:oak_planks":68,"travelersbackpack:iron":1,"comforts:sleeping_bag_white":1,"cobblemon:apricorn_planks":20,"minecraft:furnace":3,"minecraft:stone":2,"cobblemon:premier_ball":24,"minecraft:cooked_mutton":2,"minecraft:glass":1,"minecraft:stone_pickaxe":1,"minecraft:chest":3,"minecraft:stone_hoe":1,"onlyhammersandexcavators:stone_hammer":1,"minecraft:cooked_beef":17,"paraglider:paraglider":1,"minecraft:crafting_table":7,"minecraft:wooden_pickaxe":1,"minecraft:iron_sword":1,"cobblemon:pc":1,"minecraft:campfire":1,"minecraft:stone_axe":1,"cobblemon:vivichoke_seeds":2,"minecraft:air":0,"minecraft:stick":8,"minecraft:iron_ingot":35,"minecraft:iron_pickaxe":1,"minecraft:wooden_axe":1,"minecraft:stone_sword":1,"minecraft:white_bed":1,"minecraft:torch":76,"cobblemon:revive":1}},"DataVersion":3465}