{"stats":{"minecraft:killed":{"minecraft:spider":1,"minecraft:skeleton":1,"laendli_transport:slabcrab":2,"minecraft:zombie_villager":1,"grimoireofgaia:bone_knight":1,"minecraft:creeper":1,"minecraft:sheep":6,"laendli_transport:crab":4,"minecraft:zombie":7,"minecraft:cow":4},"minecraft:crafted":{"minecraft:oak_planks":68,"comforts:sleeping_bag_white":1,"cobblemon:apricorn_planks":20,"minecraft:furnace":1,"minecraft:stone_pickaxe":1,"minecraft:crafting_table":3,"minecraft:wooden_pickaxe":1,"minecraft:iron_sword":1,"minecraft:stone_axe":1,"minecraft:stick":8,"minecraft:iron_ingot":5,"minecraft:iron_pickaxe":1,"minecraft:wooden_axe":1,"minecraft:stone_sword":1,"minecraft:white_bed":1,"minecraft:torch":40},"minecraft:used":{"minecraft:stone_sword":152,"minecraft:redstone":1,"minecraft:ladder":4,"minecraft:iron_sword":20,"minecraft:torch":18,"minecraft:mutton":5,"minecraft:wooden_axe":3,"minecraft:item_frame":1,"minecraft:furnace":1,"comforts:sleeping_bag_white":3,"minecraft:water_bucket":1,"minecraft:stone_pickaxe":117,"minecraft:baked_potato":52,"minecraft:leather_chestplate":1,"minecraft:wooden_pickaxe":15,"minecraft:leather_boots":1,"minecraft:crafting_table":6,"minecraft:white_bed":1,"minecraft:bread":2,"minecraft:iron_pickaxe":3,"minecraft:stone_axe":24,"minecraft:cobblestone":32,"chalk:light_blue_chalk":12,"minecraft:bucket":3},"minecraft:mined":{"minecraft:tuff":1,"cobblemon:apricorn_log":5,"minecraft:brewing_stand":1,"minecraft:ladder":1,"minecraft:grass_block":6,"minecraft:redstone_wire":1,"iceandfire:deepslate_silver_ore":2,"dynamictrees:oak_leaves":1,"minecraft:furnace":1,"minecraft:iron_ore":2,"minecraft:andesite":4,"create:asurine":4,"minecraft:stone":94,"minecraft:cyan_terracotta":1,"cobblemon:apricorn_leaves":10,"minecraft:torch":7,"minecraft:crafting_table":4,"dynamictrees:acacia_leaves":9,"minecraft:calcite":3,"minecraft:cobblestone":1,"minecraft:tall_grass":7,"theurgy:sal_ammoniac_ore":5,"cobblemon:oran_berry":1,"cobblemon:relic_coin_pouch":5,"minecraft:wall_torch":3,"cobblemon:persim_berry":1,"minecraft:grass":39,"minecraft:coal_ore":9,"minecraft:oak_log":5,"minecraft:dirt":12,"minecraft:fern":1},"minecraft:broken":{"minecraft:stone_sword":1,"minecraft:leather_chestplate":1,"minecraft:leather_boots":1},"minecraft:picked_up":{"minecraft:wooden_axe":1,"minecraft:crafting_table":4,"vinery:red_grape":2,"minecraft:ladder":4,"minecraft:leather_leggings":1,"tombstone:grave_key":1,"minecraft:brewing_stand":1,"minecraft:item_frame":1,"cobblemon:white_apricorn":5,"minecraft:armor_stand":2,"comforts:sleeping_bag_white":3,"cobblemon:white_apricorn_seed":1,"minecraft:beef":10,"cobblemon:oran_berry":20,"cobblemon:relic_coin":24,"minecraft:calcite":3,"dynamictrees:oak_seed":6,"knightlib:small_essence":5,"minecraft:furnace":1,"minecraft:raw_iron":7,"minecraft:stick":18,"cobblemon:apricorn_log":5,"minecraft:copper_ingot":4,"minecraft:torch":12,"minecraft:redstone":5,"minecraft:honey_bottle":1,"minecraft:rotten_flesh":7,"create:asurine":4,"minecraft:mutton":11,"cobblemon:blue_apricorn":3,"minecraft:white_wool":6,"minecraft:cobblestone":97,"minecraft:andesite":3,"minecraft:leather":5,"minecraft:flint":3,"minecraft:tuff":1,"minecraft:oak_log":17,"minecraft:gunpowder":1,"minecraft:dirt":19,"minecraft:acacia_planks":1,"theurgy:sal_ammoniac_crystal":5,"minecraft:iron_ingot":5,"minecraft:stone_pickaxe":1,"cobblemon:coba_berry":3,"car:canola_seeds":1,"cobblemon:blue_apricorn_seed":1,"cobblemon:cheri_berry":17,"cobblemon:persim_berry":26,"minecraft:leather_helmet":1,"waystones:waystone":1,"minecraft:bone_meal":3,"minecraft:gray_wool":2,"minecraft:baked_potato":1,"minecraft:black_wool":2,"minecraft:coal":17,"iceandfire:raw_silver":2},"minecraft:custom":{"minecraft:mob_kills":30,"minecraft:interact_with_crafting_table":16,"minecraft:open_barrel":6,"minecraft:leave_game":4,"minecraft:time_since_death":121237,"minecraft:climb_one_cm":4792,"minecraft:sprint_one_cm":258179,"minecraft:walk_one_cm":349433,"minecraft:drop":47,"minecraft:talked_to_villager":7,"minecraft:play_time":121237,"minecraft:sneak_time":5277,"minecraft:walk_under_water_one_cm":8653,"minecraft:jump":1391,"minecraft:interact_with_brewingstand":1,"minecraft:walk_on_water_one_cm":19431,"minecraft:total_world_time":121237,"minecraft:interact_with_furnace":3,"minecraft:sleep_in_bed":4,"minecraft:time_since_rest":220,"minecraft:waystone_activated":1,"minecraft:damage_taken":3098,"minecraft:damage_dealt":5632,"minecraft:swim_one_cm":1850,"minecraft:fly_one_cm":194328,"minecraft:open_chest":18,"minecraft:crouch_one_cm":6794,"tombstone:undead_killed":10,"minecraft:interact_with_smoker":5,"minecraft:inspect_dispenser":1,"minecraft:fall_one_cm":25361},"minecraft:dropped":{"iceandfire:raw_silver":2,"knightlib:small_essence":2,"minecraft:baked_potato":13,"minecraft:stick":4,"minecraft:gray_wool":2,"minecraft:torch":1,"minecraft:wooden_axe":2,"minecraft:bone_meal":3,"minecraft:acacia_planks":1,"minecraft:armor_stand":2,"minecraft:redstone":2,"minecraft:furnace":1,"car:canola_seeds":1,"dynamictrees:oak_seed":6,"minecraft:tuff":1,"minecraft:wheat":9,"minecraft:raw_iron":2,"cobblemon:cheri_berry":2,"minecraft:rotten_flesh":7,"create:asurine":4,"minecraft:honey_bottle":1,"minecraft:gunpowder":1,"minecraft:andesite":3,"minecraft:stone_pickaxe":2,"minecraft:wooden_pickaxe":1,"minecraft:calcite":3,"minecraft:cooked_rabbit":1}},"DataVersion":3465}