{"stats":{"minecraft:broken":{"minecraft:iron_boots":1,"minecraft:iron_sword":2,"onlyhammersandexcavators:iron_hammer":1,"minecraft:leather_helmet":1,"minecraft:stone_sword":1,"minecraft:leather_chestplate":1,"onlyhammersandexcavators:stone_hammer":2,"minecraft:leather_boots":1,"minecraft:iron_pickaxe":2},"minecraft:crafted":{"minecraft:smooth_stone":2,"minecraft:oak_planks":96,"travelersbackpack:iron":1,"cobblemon:apricorn_planks":20,"minecraft:stone":2,"minecraft:cobblestone_stairs":384,"minecraft:cooked_mutton":9,"minecraft:glass":1,"minecraft:iron_boots":1,"minecraft:chest":5,"minecraft:stone_hoe":1,"onlyhammersandexcavators:stone_hammer":2,"minecraft:crafting_table":8,"minecraft:iron_helmet":1,"minecraft:wooden_pickaxe":1,"minecraft:baked_potato":37,"minecraft:campfire":1,"cobblemon:vivichoke_seeds":4,"minecraft:iron_chestplate":1,"minecraft:diamond_pickaxe":1,"minecraft:stick":12,"minecraft:iron_ingot":84,"minecraft:iron_pickaxe":1,"minecraft:iron_block":4,"minecraft:stone_sword":1,"cobblemon:revive":1,"minecraft:cherry_planks":32,"onlyhammersandexcavators:iron_hammer":2,"comforts:sleeping_bag_white":1,"minecraft:furnace":4,"cobblemon:premier_ball":28,"minecraft:stone_pickaxe":1,"minecraft:cooked_beef":22,"paraglider:paraglider":1,"minecraft:iron_sword":2,"cobblemon:pc":1,"minecraft:stone_axe":1,"minecraft:air":0,"minecraft:wooden_axe":1,"minecraft:iron_leggings":1,"minecraft:white_bed":1,"minecraft:torch":100},"minecraft:custom":{"minecraft:interact_with_crafting_table":84,"minecraft:open_barrel":17,"minecraft:leave_game":9,"minecraft:time_since_death":294236,"minecraft:sprint_one_cm":1523078,"minecraft:drop":191,"minecraft:talked_to_villager":7,"minecraft:play_time":708861,"minecraft:deaths":1,"minecraft:interact_with_brewingstand":1,"minecraft:jump":7818,"minecraft:walk_on_water_one_cm":110380,"minecraft:interact_with_furnace":24,"minecraft:interact_with_loom":1,"minecraft:sleep_in_bed":42,"minecraft:waystone_activated":4,"minecraft:damage_dealt":32948,"minecraft:player_kills":1,"minecraft:crouch_one_cm":91014,"tombstone:undead_killed":83,"minecraft:interact_with_smoker":37,"minecraft:inspect_dispenser":1,"minecraft:interact_with_smithing_table":1,"minecraft:mob_kills":155,"minecraft:interact_with_campfire":4,"minecraft:damage_dealt_resisted":116,"minecraft:climb_one_cm":29761,"minecraft:walk_one_cm":2003227,"minecraft:sneak_time":36913,"minecraft:walk_under_water_one_cm":59749,"minecraft:interact_with_blast_furnace":12,"minecraft:total_world_time":708861,"minecraft:time_since_rest":3520,"minecraft:damage_taken":12141,"tombstone:cast_on_ally":1,"minecraft:swim_one_cm":127512,"minecraft:fly_one_cm":1336059,"minecraft:open_chest":166,"minecraft:fall_one_cm":155588},"minecraft:mined":{"minecraft:large_amethyst_bud":1,"minecraft:cherry_log":5,"minecraft:cobblestone_stairs":7,"cobblemon:apricorn_log":5,"minecraft:brewing_stand":1,"minecraft:obsidian":10,"minecraft:granite":67,"minecraft:budding_amethyst":1,"minecraft:grass_block":52,"comforts:sleeping_bag_white":1,"minecraft:tall_seagrass":1,"minecraft:fire":4,"minecraft:iron_ore":39,"minecraft:cobbled_deepslate":4,"minecraft:brown_bed":1,"create:asurine":4,"minecraft:pointed_dripstone":5,"cobblemon:white_apricorn_sapling":2,"cobblemon:vivichoke_seeds":4,"minecraft:deepslate_brick_stairs":1,"betterarcheology:loot_vase":1,"minecraft:cyan_terracotta":1,"minecraft:deepslate_brick_wall":1,"minecraft:smoker":2,"minecraft:amethyst_cluster":5,"minecraft:torch":26,"cobblemon:apricorn_leaves":10,"wizards_reborn:arcanum_ore":3,"minecraft:blast_furnace":2,"minecraft:calcite":5,"minecraft:chest":2,"minecraft:cobblestone":73,"minecraft:oak_planks":3,"minecraft:iron_door":1,"minecraft:wall_torch":18,"minecraft:amethyst_block":7,"minecraft:deepslate_copper_ore":1,"forbidden_arcanus:darkstone":1,"minecraft:stripped_oak_wood":1,"cobblemon:persim_berry":1,"minecraft:stone_brick_stairs":1,"minecraft:grass":195,"minecraft:oak_log":5,"minecraft:sand":2,"minecraft:dirt":35,"minecraft:smooth_basalt":3,"minecraft:oak_leaves":3,"minecraft:deepslate":1260,"create:zinc_ore":4,"minecraft:diamond_ore":1,"minecraft:tuff":130,"iceandfire:silver_ore":1,"minecraft:deepslate_diamond_ore":24,"cobblemon:moon_stone_ore":1,"minecraft:ladder":1,"minecraft:decorated_pot":2,"create:ochrum":87,"minecraft:redstone_wire":1,"iceandfire:deepslate_silver_ore":3,"minecraft:large_fern":2,"dynamictrees:oak_leaves":4,"minecraft:deepslate_brick_slab":2,"minecraft:redstone_ore":3,"forbidden_arcanus:deepslate_arcane_crystal_ore":1,"minecraft:furnace":1,"dynamictrees:dark_oak_leaves":1,"wizards_reborn:deepslate_arcanum_ore":20,"minecraft:andesite":65,"dynamictrees:spruce_leaves":1,"sushigocrafting:rice_crop":1,"minecraft:potatoes":19,"minecraft:deepslate_iron_ore":73,"minecraft:stone":2132,"minecraft:stripped_dark_oak_log":1,"minecraft:crafting_table":7,"dynamictrees:acacia_leaves":14,"minecraft:tall_grass":28,"minecraft:copper_ore":38,"theurgy:sal_ammoniac_ore":12,"minecraft:lapis_ore":2,"cobblemon:oran_berry":1,"minecraft:diorite":1,"cobblemon:relic_coin_pouch":5,"forbidden_arcanus:xpetrified_ore":6,"sushigocrafting:cucumber_crop":7,"minecraft:coal_ore":31,"minecraft:gravel":24,"minecraft:dripstone_block":18,"minecraft:cobweb":17,"cobblemon:sun_stone_ore":1,"minecraft:stone_bricks":1,"minecraft:gold_ore":1,"minecraft:iron_trapdoor":1,"forbidden_arcanus:runic_deepslate":2,"minecraft:fern":2},"minecraft:used":{"minecraft:ladder":4,"minecraft:chest":6,"minecraft:iron_sword":681,"vinery:white_grape":2,"minecraft:rotten_flesh":2,"minecraft:mutton":5,"minecraft:milk_bucket":1,"onlyhammersandexcavators:stone_hammer":1300,"minecraft:item_frame":1,"minecraft:furnace":5,"minecraft:potato":69,"minecraft:stone_pickaxe":117,"minecraft:wooden_pickaxe":15,"minecraft:leather_chestplate":1,"forbidden_arcanus:edelwood_suspicious_stew_bucket":1,"minecraft:blast_furnace":2,"minecraft:dripstone_block":2,"waystones:waystone":2,"minecraft:bread":30,"sushigocrafting:cucumber_seeds":13,"minecraft:stone_sword":152,"minecraft:redstone":1,"minecraft:stone_hoe":39,"minecraft:torch":162,"minecraft:dirt":140,"minecraft:granite":16,"wizards_reborn:arcanemicon":1,"minecraft:wooden_axe":3,"minecraft:iron_axe":31,"cobblemon:pc":1,"minecraft:golden_carrot":11,"minecraft:beef":8,"tombstone:gift":1,"comforts:sleeping_bag_white":41,"onlyhammersandexcavators:iron_hammer":2514,"minecraft:cooked_beef":22,"minecraft:cobbled_deepslate":69,"vinery:red_grape":22,"minecraft:cooked_mutton":3,"minecraft:water_bucket":64,"minecraft:cobblestone_stairs":253,"minecraft:baked_potato":153,"minecraft:cherry_planks":4,"minecraft:leather_boots":1,"cobblemon:vivichoke_seeds":5,"minecraft:crafting_table":13,"minecraft:white_bed":1,"minecraft:campfire":1,"cobblemon:white_apricorn_seed":6,"minecraft:smoker":2,"dynamictrees:cherry_seed":1,"minecraft:diamond_pickaxe":160,"minecraft:apple":15,"minecraft:iron_pickaxe":501,"minecraft:stone_axe":31,"minecraft:cobblestone":474,"chalk:light_blue_chalk":12,"minecraft:bucket":72,"vinery:red_grape_seeds":1,"sushigocrafting:rice_seeds":5},"minecraft:killed_by":{"minecraft:witch":1},"minecraft:killed":{"minecraft:cave_spider":1,"minecraft:spider":5,"grimoireofgaia:minotaurus":5,"grimoireofgaia:cobble_golem":1,"grimoireofgaia:goblin":1,"minecraft:skeleton":13,"grimoireofgaia:mimic":1,"grimoireofgaia:spriggan":1,"minecraft:zombie_villager":1,"grimoireofgaia:bone_knight":1,"minecraft:creeper":9,"minecraft:sheep":10,"laendli_transport:crab":4,"minecraft:zombie":66,"grimoireofgaia:harpy":8,"minecraft:cow":14,"minecraft:drowned":1,"laendli_transport:slabcrab":2,"iceandfire:ghost":1,"grimoireofgaia:werecat":2},"minecraft:picked_up":{"minecraft:wooden_axe":1,"vinery:red_grape":24,"sushigocrafting:cucumber":6,"cobblemon:red_apricorn":5,"vinery:red_grape_seeds":1,"tombstone:grave_key":2,"minecraft:brewing_stand":1,"minecraft:amethyst_block":11,"forbidden_arcanus:xpetrified_orb":6,"minecraft:string":4,"minecraft:raw_copper":61,"minecraft:armor_stand":2,"sushigocrafting:sesame_seeds":2,"minecraft:cobbled_deepslate":469,"minecraft:gold_nugget":8,"minecraft:smooth_stone":2,"cobblemon:white_apricorn_seed":7,"comforts:sleeping_bag_white":40,"cobblemon:oran_berry":20,"minecraft:calcite":7,"dynamictrees:oak_seed":10,"minecraft:iron_pickaxe":1,"minecraft:furnace":2,"minecraft:stick":54,"cobblemon:apricorn_log":5,"minecraft:torch":53,"minecraft:porkchop":9,"minecraft:cherry_log":13,"minecraft:pointed_dripstone":1,"tombstone:grave_dust":1,"minecraft:honey_bottle":2,"minecraft:rotten_flesh":54,"create:ochrum":124,"create:asurine":4,"minecraft:obsidian":10,"minecraft:cobblestone":1642,"minecraft:feather":6,"minecraft:cooked_beef":4,"minecraft:andesite":35,"minecraft:water_bucket":1,"minecraft:jungle_log":2,"minecraft:smoker":2,"minecraft:potato":69,"minecraft:flint":4,"create:raw_zinc":4,"minecraft:tuff":127,"cobblemon:bluk_berry":14,"sushigocrafting:rice":1,"minecraft:dirt":168,"sushigocrafting:wasabi_seeds":3,"minecraft:glass":2,"minecraft:bone":17,"minecraft:acacia_planks":1,"theurgy:sal_ammoniac_crystal":12,"minecraft:bow":1,"minecraft:wheat_seeds":47,"cobblemon:black_apricorn":2,"cobblemon:thunder_stone":1,"forbidden_arcanus:rune":2,"minecraft:mossy_stone_bricks":3,"cobblemon:moon_stone":1,"minecraft:stone_hoe":2,"minecraft:oak_planks":4,"cobblemon:sun_stone":1,"goodending:spicy_wildflowers":2,"car:canola_seeds":11,"betterarcheology:artifact_shards":1,"minecraft:poisonous_potato":1,"vinery:white_grape":4,"minecraft:sand":2,"dynamictrees:acacia_seed":16,"cobblemon:persim_berry":26,"cobblemon:vivichoke":5,"cobblemon:aspear_berry":19,"minecraft:bundle":2,"minecraft:diamond":25,"waystones:waystone":4,"minecraft:granite":16,"minecraft:bone_meal":3,"iceandfire:raw_silver":3,"minecraft:charcoal":1,"minecraft:crafting_table":8,"minecraft:azure_bluet":1,"minecraft:chicken":3,"minecraft:ladder":4,"minecraft:leather_leggings":1,"minecraft:brick":2,"sushigocrafting:soy_seeds":2,"minecraft:iron_axe":1,"minecraft:item_frame":2,"cobblemon:white_apricorn":47,"cobblemon:green_apricorn":6,"minecraft:beef":33,"cobblemon:relic_coin":25,"minecraft:iron_nugget":9,"minecraft:chest":1,"cobblemon:green_apricorn_seed":1,"minecraft:phantom_membrane":2,"knightlib:small_essence":27,"minecraft:raw_iron":111,"wizards_reborn:arcanum":23,"grimoireofgaia:meat":2,"minecraft:copper_ingot":7,"minecraft:carrot":1,"minecraft:redstone":12,"minecraft:arrow":11,"cobblemon:revive":1,"minecraft:saddle":1,"minecraft:mutton":20,"minecraft:rail":3,"cobblemon:blue_apricorn":4,"minecraft:white_wool":12,"sushigocrafting:rice_seeds":9,"minecraft:leather":22,"minecraft:oak_log":24,"minecraft:gunpowder":12,"minecraft:cobblestone_stairs":7,"tombstone:gift":1,"cobblemon:fighting_gem":2,"minecraft:iron_ingot":5,"minecraft:stone_pickaxe":2,"cobblemon:coba_berry":3,"minecraft:iron_sword":1,"minecraft:arms_up_pottery_sherd":2,"cobblemon:blue_apricorn_seed":1,"sushigocrafting:cucumber_seeds":35,"minecraft:dripstone_block":14,"minecraft:gravel":31,"cobblemon:cheri_berry":17,"cobblemon:premier_ball":1,"minecraft:amethyst_shard":44,"minecraft:blast_furnace":2,"minecraft:spider_eye":5,"minecraft:leather_helmet":1,"forbidden_arcanus:arcane_crystal":1,"wizards_reborn:arcanum_dust":5,"dynamictrees:cherry_seed":1,"minecraft:gray_wool":2,"minecraft:baked_potato":1,"tombstone:magic_scroll":1,"minecraft:black_wool":2,"minecraft:coal":47,"minecraft:ender_pearl":3},"minecraft:dropped":{"minecraft:iron_sword":1,"iceandfire:raw_silver":3,"knightlib:small_essence":7,"minecraft:cooked_beef":4,"minecraft:baked_potato":13,"minecraft:glass_bottle":1,"minecraft:ender_pearl":1,"travelersbackpack:standard":1,"minecraft:rail":3,"minecraft:item_frame":1,"minecraft:cobblestone_stairs":138,"minecraft:flint":3,"minecraft:dirt":7,"minecraft:gold_nugget":2,"cobblemon:fighting_gem":1,"minecraft:bone_meal":3,"minecraft:iron_pickaxe":1,"chalk:light_blue_chalk":1,"minecraft:armor_stand":2,"minecraft:bone":1,"vinery:red_grape_seeds":1,"minecraft:gravel":29,"minecraft:stone_axe":1,"dynamictrees:oak_seed":7,"minecraft:iron_nugget":3,"minecraft:cobbled_deepslate":100,"minecraft:wheat":9,"minecraft:pointed_dripstone":1,"tombstone:gift":5,"cobblemon:cheri_berry":2,"minecraft:rotten_flesh":23,"create:asurine":4,"minecraft:honey_bottle":1,"minecraft:gunpowder":8,"minecraft:arms_up_pottery_sherd":2,"minecraft:leather_leggings":1,"minecraft:glass":1,"grimoireofgaia:meat":2,"exposure:photograph":1,"minecraft:water_bucket":1,"minecraft:stone_hoe":2,"minecraft:wheat_seeds":27,"minecraft:cherry_log":1,"sushigocrafting:wasabi_seeds":2,"minecraft:feather":5,"minecraft:cobblestone":275,"minecraft:coal":1,"minecraft:stick":4,"minecraft:gray_wool":2,"minecraft:torch":1,"tombstone:grave_key":2,"minecraft:wooden_axe":2,"minecraft:iron_leggings":1,"minecraft:string":2,"dynamictrees:acacia_seed":16,"minecraft:acacia_planks":1,"minecraft:redstone":9,"minecraft:furnace":1,"car:canola_seeds":5,"create:ochrum":40,"sushigocrafting:cucumber_seeds":11,"minecraft:tuff":65,"minecraft:raw_iron":4,"theurgy:sal_ammoniac_crystal":3,"sushigocrafting:rice_seeds":3,"cobblemon:premier_ball":7,"vinery:white_grape":2,"cobblemon:coba_berry":3,"minecraft:potato":1,"minecraft:bundle":1,"minecraft:andesite":35,"minecraft:mossy_stone_bricks":1,"cobblemon:pc":1,"minecraft:spider_eye":1,"minecraft:stone_pickaxe":3,"minecraft:wooden_pickaxe":1,"minecraft:calcite":7,"minecraft:cooked_rabbit":1,"chalk:black_chalk":1,"minecraft:black_wool":2,"minecraft:brick":2}},"DataVersion":3465}