{"stats":{"minecraft:crafted":{"minecraft:oak_planks":20,"minecraft:crafting_table":1,"minecraft:stick":4,"minecraft:stone_pickaxe":1,"minecraft:wooden_pickaxe":1,"minecraft:wooden_axe":1,"minecraft:stone_sword":1,"minecraft:torch":8,"minecraft:stone_axe":1},"minecraft:custom":{"minecraft:time_since_rest":34589,"minecraft:sprint_one_cm":58630,"minecraft:damage_taken":1343,"minecraft:walk_one_cm":92370,"minecraft:mob_kills":5,"minecraft:drop":18,"minecraft:damage_dealt":708,"minecraft:talked_to_villager":2,"minecraft:interact_with_crafting_table":9,"minecraft:fly_one_cm":36374,"minecraft:open_barrel":5,"minecraft:open_chest":1,"minecraft:crouch_one_cm":4509,"minecraft:play_time":34589,"tombstone:undead_killed":1,"minecraft:sneak_time":3542,"minecraft:jump":316,"minecraft:leave_game":1,"minecraft:time_since_death":34589,"minecraft:walk_on_water_one_cm":721,"minecraft:interact_with_smoker":5,"minecraft:total_world_time":34589,"minecraft:fall_one_cm":5536},"minecraft:mined":{"dynamictrees:oak_leaves":1,"minecraft:tuff":1,"minecraft:andesite":4,"minecraft:coal_ore":9,"create:asurine":4,"minecraft:torch":1,"minecraft:crafting_table":2,"minecraft:grass":6,"minecraft:calcite":3,"minecraft:grass_block":2,"minecraft:oak_log":5,"minecraft:dirt":5,"iceandfire:deepslate_silver_ore":2,"minecraft:cobblestone":1,"theurgy:sal_ammoniac_ore":5,"minecraft:stone":78,"minecraft:wall_torch":2,"minecraft:fern":1},"minecraft:killed":{"minecraft:zombie":1,"minecraft:creeper":1,"minecraft:cow":3},"minecraft:dropped":{"minecraft:baked_potato":13,"minecraft:torch":1,"minecraft:raw_iron":2,"cobblemon:cheri_berry":2},"minecraft:picked_up":{"minecraft:raw_iron":4,"minecraft:stick":10,"minecraft:crafting_table":2,"minecraft:andesite":3,"minecraft:leather":3,"minecraft:torch":4,"cobblemon:cheri_berry":17,"minecraft:tuff":1,"minecraft:oak_log":17,"minecraft:gunpowder":1,"minecraft:dirt":8,"minecraft:item_frame":1,"minecraft:rotten_flesh":1,"theurgy:sal_ammoniac_crystal":5,"minecraft:beef":7,"create:asurine":4,"minecraft:calcite":3,"dynamictrees:oak_seed":3,"minecraft:baked_potato":1,"iceandfire:raw_silver":2,"minecraft:coal":9,"minecraft:white_wool":1,"minecraft:cobblestone":79,"knightlib:small_essence":2},"minecraft:broken":{"minecraft:leather_boots":1,"minecraft:leather_chestplate":1},"minecraft:used":{"minecraft:wooden_axe":3,"minecraft:stone_sword":18,"minecraft:stone_pickaxe":94,"minecraft:baked_potato":15,"minecraft:stone_axe":2,"minecraft:leather_chestplate":1,"minecraft:wooden_pickaxe":15,"minecraft:leather_boots":1,"minecraft:item_frame":1,"minecraft:torch":5,"minecraft:cobblestone":13,"minecraft:crafting_table":3}},"DataVersion":3465}