{"stats":{"minecraft:picked_up":{"minecraft:oak_log":5},"minecraft:mined":{"minecraft:oak_log":5},"minecraft:used":{"minecraft:crafting_table":1},"minecraft:crafted":{"minecraft:crafting_table":1,"minecraft:oak_planks":20,"minecraft:stick":4,"minecraft:wooden_pickaxe":1},"minecraft:custom":{"minecraft:jump":95,"minecraft:time_since_rest":3484,"minecraft:damage_dealt":20,"minecraft:damage_taken":310,"minecraft:leave_game":3,"minecraft:time_since_death":3482,"minecraft:crouch_one_cm":275,"minecraft:play_time":11731,"minecraft:sprint_one_cm":13579,"minecraft:walk_one_cm":15365,"minecraft:deaths":2,"minecraft:sneak_time":243,"minecraft:total_world_time":11731,"minecraft:interact_with_crafting_table":1,"minecraft:fall_one_cm":2215,"minecraft:fly_one_cm":19944}},"DataVersion":3465}