{"stats":{"minecraft:killed":{"laendli_transport:slabcrab":2,"minecraft:creeper":1,"minecraft:skeleton":1,"minecraft:sheep":2,"laendli_transport:crab":4,"minecraft:zombie":3,"minecraft:cow":4},"minecraft:mined":{"minecraft:tuff":1,"cobblemon:apricorn_log":5,"minecraft:crafting_table":2,"cobblemon:apricorn_leaves":2,"minecraft:torch":4,"minecraft:ladder":1,"minecraft:grass_block":2,"minecraft:calcite":3,"iceandfire:deepslate_silver_ore":2,"minecraft:tall_grass":3,"minecraft:cobblestone":1,"theurgy:sal_ammoniac_ore":5,"cobblemon:oran_berry":1,"cobblemon:relic_coin_pouch":5,"minecraft:wall_torch":3,"dynamictrees:oak_leaves":1,"minecraft:andesite":4,"create:asurine":4,"minecraft:grass":18,"minecraft:oak_log":5,"minecraft:coal_ore":9,"minecraft:dirt":5,"minecraft:stone":78,"minecraft:fern":1},"minecraft:broken":{"minecraft:leather_boots":1,"minecraft:leather_chestplate":1},"minecraft:picked_up":{"minecraft:wooden_axe":1,"minecraft:crafting_table":2,"vinery:red_grape":2,"minecraft:ladder":1,"minecraft:andesite":3,"minecraft:leather":5,"minecraft:tuff":1,"minecraft:oak_log":17,"tombstone:grave_key":1,"minecraft:gunpowder":1,"minecraft:dirt":8,"minecraft:item_frame":1,"minecraft:acacia_planks":1,"theurgy:sal_ammoniac_crystal":5,"minecraft:beef":10,"cobblemon:oran_berry":20,"cobblemon:relic_coin":24,"minecraft:calcite":3,"dynamictrees:oak_seed":3,"knightlib:small_essence":4,"minecraft:raw_iron":5,"minecraft:stick":14,"cobblemon:apricorn_log":5,"minecraft:torch":8,"cobblemon:cheri_berry":17,"cobblemon:persim_berry":26,"minecraft:rotten_flesh":2,"waystones:waystone":1,"create:asurine":4,"minecraft:bone_meal":3,"minecraft:baked_potato":1,"minecraft:black_wool":2,"minecraft:mutton":6,"minecraft:white_wool":3,"minecraft:coal":9,"iceandfire:raw_silver":2,"minecraft:cobblestone":79},"minecraft:custom":{"minecraft:mob_kills":17,"minecraft:interact_with_crafting_table":11,"minecraft:open_barrel":5,"minecraft:leave_game":3,"minecraft:time_since_death":72189,"minecraft:sleep_in_bed":1,"minecraft:climb_one_cm":2466,"minecraft:time_since_rest":27343,"minecraft:sprint_one_cm":165156,"minecraft:damage_taken":2603,"minecraft:walk_one_cm":201704,"minecraft:drop":29,"minecraft:damage_dealt":3352,"minecraft:talked_to_villager":2,"minecraft:fly_one_cm":131626,"minecraft:open_chest":2,"minecraft:crouch_one_cm":5350,"minecraft:play_time":72189,"tombstone:undead_killed":4,"minecraft:sneak_time":4350,"minecraft:jump":846,"minecraft:walk_on_water_one_cm":775,"minecraft:interact_with_smoker":5,"minecraft:total_world_time":72189,"minecraft:fall_one_cm":17034},"minecraft:used":{"minecraft:stone_sword":93,"minecraft:stone_pickaxe":99,"minecraft:baked_potato":42,"minecraft:ladder":1,"minecraft:wooden_pickaxe":15,"minecraft:leather_chestplate":1,"minecraft:leather_boots":1,"minecraft:torch":14,"minecraft:crafting_table":4,"minecraft:white_bed":1,"minecraft:wooden_axe":3,"minecraft:item_frame":1,"minecraft:stone_axe":11,"minecraft:cobblestone":25},"minecraft:crafted":{"minecraft:oak_planks":20,"minecraft:crafting_table":2,"minecraft:wooden_pickaxe":1,"minecraft:stone_axe":1,"minecraft:stick":4,"minecraft:stone_pickaxe":1,"minecraft:wooden_axe":1,"minecraft:stone_sword":1,"minecraft:white_bed":1,"minecraft:torch":8},"minecraft:dropped":{"iceandfire:raw_silver":2,"knightlib:small_essence":2,"minecraft:baked_potato":13,"minecraft:tuff":1,"minecraft:wheat":9,"cobblemon:cheri_berry":2,"minecraft:raw_iron":2,"minecraft:rotten_flesh":1,"minecraft:gunpowder":1,"minecraft:torch":1,"minecraft:andesite":3,"minecraft:wooden_axe":2,"minecraft:wooden_pickaxe":1,"minecraft:calcite":3}},"DataVersion":3465}