{"stats":{"minecraft:crafted":{"minecraft:oak_planks":20,"minecraft:crafting_table":1,"minecraft:stone_pickaxe":1,"minecraft:wooden_pickaxe":1,"minecraft:wooden_axe":1,"minecraft:torch":4},"minecraft:custom":{"minecraft:time_since_rest":22589,"minecraft:sprint_one_cm":45946,"minecraft:damage_taken":280,"minecraft:walk_one_cm":58867,"minecraft:drop":13,"minecraft:talked_to_villager":2,"minecraft:interact_with_crafting_table":4,"minecraft:fly_one_cm":27466,"minecraft:open_barrel":5,"minecraft:open_chest":1,"minecraft:crouch_one_cm":1559,"minecraft:play_time":22589,"minecraft:sneak_time":1649,"minecraft:jump":183,"minecraft:leave_game":1,"minecraft:time_since_death":22589,"minecraft:walk_on_water_one_cm":721,"minecraft:interact_with_smoker":5,"minecraft:total_world_time":22589,"minecraft:fall_one_cm":3021},"minecraft:mined":{"minecraft:torch":1,"minecraft:crafting_table":2,"minecraft:grass":5,"minecraft:grass_block":2,"minecraft:oak_log":5,"minecraft:dirt":5,"theurgy:sal_ammoniac_ore":5,"minecraft:stone":22},"minecraft:dropped":{"minecraft:baked_potato":13},"minecraft:picked_up":{"minecraft:stick":10,"minecraft:crafting_table":2,"minecraft:torch":1,"cobblemon:cheri_berry":17,"minecraft:oak_log":17,"minecraft:dirt":7,"minecraft:item_frame":1,"theurgy:sal_ammoniac_crystal":5,"dynamictrees:oak_seed":3,"minecraft:baked_potato":1,"minecraft:white_wool":1,"minecraft:cobblestone":22},"minecraft:used":{"minecraft:wooden_axe":3,"minecraft:stone_pickaxe":13,"minecraft:baked_potato":7,"minecraft:leather_chestplate":1,"minecraft:wooden_pickaxe":15,"minecraft:leather_boots":1,"minecraft:item_frame":1,"minecraft:torch":1,"minecraft:cobblestone":3,"minecraft:crafting_table":3}},"DataVersion":3465}