{"stats":{"minecraft:killed":{"laendli_transport:slabcrab":2,"minecraft:zombie_villager":1,"grimoireofgaia:bone_knight":1,"minecraft:spider":1,"minecraft:creeper":1,"minecraft:skeleton":1,"minecraft:sheep":6,"laendli_transport:crab":4,"minecraft:zombie":7,"minecraft:cow":4},"minecraft:crafted":{"minecraft:oak_planks":68,"minecraft:crafting_table":3,"comforts:sleeping_bag_white":1,"minecraft:wooden_pickaxe":1,"minecraft:furnace":1,"minecraft:stone_axe":1,"minecraft:stick":4,"minecraft:iron_ingot":5,"minecraft:stone_pickaxe":1,"minecraft:wooden_axe":1,"minecraft:stone_sword":1,"minecraft:white_bed":1,"minecraft:torch":8},"minecraft:used":{"minecraft:stone_sword":152,"minecraft:redstone":1,"minecraft:stone_pickaxe":117,"minecraft:baked_potato":52,"minecraft:ladder":1,"minecraft:wooden_pickaxe":15,"minecraft:leather_chestplate":1,"minecraft:leather_boots":1,"minecraft:torch":15,"minecraft:mutton":5,"minecraft:crafting_table":5,"minecraft:white_bed":1,"minecraft:wooden_axe":3,"minecraft:item_frame":1,"minecraft:stone_axe":21,"minecraft:cobblestone":32,"minecraft:furnace":1,"comforts:sleeping_bag_white":1},"minecraft:mined":{"minecraft:tuff":1,"cobblemon:apricorn_log":5,"minecraft:crafting_table":2,"minecraft:torch":5,"cobblemon:apricorn_leaves":10,"minecraft:ladder":1,"minecraft:grass_block":3,"minecraft:calcite":3,"minecraft:redstone_wire":1,"iceandfire:deepslate_silver_ore":2,"minecraft:tall_grass":6,"theurgy:sal_ammoniac_ore":5,"minecraft:cobblestone":1,"cobblemon:oran_berry":1,"cobblemon:relic_coin_pouch":5,"minecraft:wall_torch":3,"dynamictrees:oak_leaves":1,"minecraft:iron_ore":2,"minecraft:andesite":4,"cobblemon:persim_berry":1,"create:asurine":4,"minecraft:grass":31,"minecraft:oak_log":5,"minecraft:coal_ore":9,"minecraft:dirt":9,"minecraft:stone":94,"minecraft:fern":1},"minecraft:broken":{"minecraft:leather_boots":1,"minecraft:stone_sword":1,"minecraft:leather_chestplate":1},"minecraft:picked_up":{"minecraft:wooden_axe":1,"minecraft:crafting_table":2,"vinery:red_grape":2,"minecraft:ladder":1,"minecraft:andesite":3,"minecraft:leather":5,"minecraft:flint":3,"minecraft:tuff":1,"minecraft:oak_log":17,"tombstone:grave_key":1,"minecraft:gunpowder":1,"minecraft:dirt":13,"minecraft:item_frame":1,"minecraft:acacia_planks":1,"theurgy:sal_ammoniac_crystal":5,"comforts:sleeping_bag_white":1,"minecraft:beef":10,"cobblemon:oran_berry":20,"cobblemon:relic_coin":24,"minecraft:calcite":3,"cobblemon:coba_berry":3,"dynamictrees:oak_seed":6,"knightlib:small_essence":5,"minecraft:stick":14,"minecraft:raw_iron":7,"cobblemon:apricorn_log":5,"minecraft:torch":9,"car:canola_seeds":1,"cobblemon:blue_apricorn_seed":1,"cobblemon:cheri_berry":17,"cobblemon:persim_berry":26,"minecraft:redstone":3,"minecraft:rotten_flesh":7,"waystones:waystone":1,"create:asurine":4,"minecraft:bone_meal":3,"minecraft:gray_wool":2,"minecraft:baked_potato":1,"minecraft:black_wool":2,"minecraft:white_wool":6,"minecraft:mutton":11,"cobblemon:blue_apricorn":3,"minecraft:coal":9,"iceandfire:raw_silver":2,"minecraft:cobblestone":97},"minecraft:dropped":{"iceandfire:raw_silver":2,"car:canola_seeds":1,"knightlib:small_essence":2,"dynamictrees:oak_seed":3,"minecraft:baked_potato":13,"minecraft:tuff":1,"minecraft:wheat":9,"minecraft:raw_iron":2,"cobblemon:cheri_berry":2,"minecraft:rotten_flesh":7,"minecraft:gray_wool":2,"minecraft:gunpowder":1,"minecraft:torch":1,"minecraft:andesite":3,"minecraft:wooden_axe":2,"minecraft:wooden_pickaxe":1,"minecraft:calcite":3,"minecraft:cooked_rabbit":1},"minecraft:custom":{"minecraft:interact_with_furnace":3,"minecraft:mob_kills":30,"minecraft:interact_with_crafting_table":15,"minecraft:open_barrel":5,"minecraft:leave_game":4,"minecraft:time_since_death":97237,"minecraft:sleep_in_bed":2,"minecraft:climb_one_cm":2466,"minecraft:time_since_rest":2560,"minecraft:sprint_one_cm":227028,"minecraft:damage_taken":3078,"minecraft:walk_one_cm":273737,"minecraft:drop":35,"minecraft:damage_dealt":5632,"minecraft:swim_one_cm":1850,"minecraft:talked_to_villager":2,"minecraft:fly_one_cm":181652,"minecraft:open_chest":2,"minecraft:crouch_one_cm":6392,"minecraft:play_time":97237,"tombstone:undead_killed":10,"minecraft:sneak_time":5074,"minecraft:walk_under_water_one_cm":7403,"minecraft:jump":1237,"minecraft:walk_on_water_one_cm":17429,"minecraft:total_world_time":97237,"minecraft:interact_with_smoker":5,"minecraft:fall_one_cm":23105}},"DataVersion":3465}