{"stats":{"minecraft:killed":{"minecraft:creeper":1,"minecraft:zombie":1,"minecraft:cow":4},"minecraft:mined":{"minecraft:tuff":1,"cobblemon:apricorn_log":5,"minecraft:crafting_table":2,"cobblemon:apricorn_leaves":2,"minecraft:torch":4,"minecraft:ladder":1,"minecraft:grass_block":2,"minecraft:calcite":3,"iceandfire:deepslate_silver_ore":2,"minecraft:tall_grass":2,"minecraft:cobblestone":1,"theurgy:sal_ammoniac_ore":5,"cobblemon:oran_berry":1,"cobblemon:relic_coin_pouch":5,"minecraft:wall_torch":2,"dynamictrees:oak_leaves":1,"minecraft:andesite":4,"create:asurine":4,"minecraft:grass":18,"minecraft:oak_log":5,"minecraft:coal_ore":9,"minecraft:dirt":5,"minecraft:stone":78,"minecraft:fern":1},"minecraft:broken":{"minecraft:leather_boots":1,"minecraft:leather_chestplate":1},"minecraft:picked_up":{"minecraft:wooden_axe":1,"minecraft:crafting_table":2,"vinery:red_grape":2,"minecraft:ladder":1,"minecraft:andesite":3,"minecraft:leather":5,"minecraft:tuff":1,"minecraft:oak_log":17,"tombstone:grave_key":1,"minecraft:gunpowder":1,"minecraft:dirt":8,"minecraft:item_frame":1,"minecraft:acacia_planks":1,"theurgy:sal_ammoniac_crystal":5,"minecraft:beef":10,"cobblemon:oran_berry":20,"cobblemon:relic_coin":24,"minecraft:calcite":3,"dynamictrees:oak_seed":3,"knightlib:small_essence":4,"minecraft:raw_iron":5,"minecraft:stick":14,"cobblemon:apricorn_log":5,"minecraft:torch":7,"cobblemon:cheri_berry":17,"minecraft:rotten_flesh":2,"waystones:waystone":1,"create:asurine":4,"minecraft:baked_potato":1,"minecraft:mutton":3,"minecraft:white_wool":3,"minecraft:coal":9,"iceandfire:raw_silver":2,"minecraft:cobblestone":79},"minecraft:custom":{"minecraft:mob_kills":6,"minecraft:interact_with_crafting_table":10,"minecraft:open_barrel":5,"minecraft:leave_game":3,"minecraft:time_since_death":60189,"minecraft:sleep_in_bed":1,"minecraft:climb_one_cm":2466,"minecraft:time_since_rest":15343,"minecraft:sprint_one_cm":116713,"minecraft:damage_taken":2353,"minecraft:walk_one_cm":160522,"minecraft:drop":26,"minecraft:damage_dealt":1140,"minecraft:talked_to_villager":2,"minecraft:fly_one_cm":86990,"minecraft:open_chest":2,"minecraft:crouch_one_cm":5180,"minecraft:play_time":60189,"tombstone:undead_killed":1,"minecraft:sneak_time":3980,"minecraft:jump":614,"minecraft:walk_on_water_one_cm":721,"minecraft:interact_with_smoker":5,"minecraft:total_world_time":60189,"minecraft:fall_one_cm":12947},"minecraft:used":{"minecraft:stone_sword":37,"minecraft:stone_pickaxe":99,"minecraft:baked_potato":36,"minecraft:ladder":1,"minecraft:wooden_pickaxe":15,"minecraft:leather_chestplate":1,"minecraft:leather_boots":1,"minecraft:torch":13,"minecraft:crafting_table":4,"minecraft:white_bed":1,"minecraft:wooden_axe":3,"minecraft:item_frame":1,"minecraft:stone_axe":11,"minecraft:cobblestone":22},"minecraft:crafted":{"minecraft:oak_planks":20,"minecraft:crafting_table":2,"minecraft:wooden_pickaxe":1,"minecraft:stone_axe":1,"minecraft:stick":4,"minecraft:stone_pickaxe":1,"minecraft:wooden_axe":1,"minecraft:stone_sword":1,"minecraft:white_bed":1,"minecraft:torch":8},"minecraft:dropped":{"knightlib:small_essence":2,"minecraft:baked_potato":13,"minecraft:tuff":1,"minecraft:wheat":9,"cobblemon:cheri_berry":2,"minecraft:raw_iron":2,"minecraft:rotten_flesh":1,"minecraft:gunpowder":1,"minecraft:torch":1,"minecraft:wooden_axe":2,"minecraft:calcite":3}},"DataVersion":3465}