{"stats":{"minecraft:killed":{"laendli_transport:slabcrab":2,"grimoireofgaia:bone_knight":1,"minecraft:zombie_villager":1,"minecraft:spider":1,"minecraft:creeper":1,"minecraft:skeleton":1,"minecraft:sheep":5,"laendli_transport:crab":4,"minecraft:zombie":7,"minecraft:cow":4},"minecraft:mined":{"minecraft:tuff":1,"cobblemon:apricorn_log":5,"minecraft:crafting_table":2,"cobblemon:apricorn_leaves":10,"minecraft:torch":5,"minecraft:ladder":1,"minecraft:grass_block":3,"minecraft:calcite":3,"iceandfire:deepslate_silver_ore":2,"minecraft:tall_grass":6,"minecraft:cobblestone":1,"theurgy:sal_ammoniac_ore":5,"cobblemon:oran_berry":1,"cobblemon:relic_coin_pouch":5,"minecraft:wall_torch":3,"dynamictrees:oak_leaves":1,"minecraft:iron_ore":2,"minecraft:andesite":4,"cobblemon:persim_berry":1,"create:asurine":4,"minecraft:grass":31,"minecraft:oak_log":5,"minecraft:coal_ore":9,"minecraft:dirt":5,"minecraft:stone":82,"minecraft:fern":1},"minecraft:broken":{"minecraft:stone_sword":1,"minecraft:leather_boots":1,"minecraft:leather_chestplate":1},"minecraft:picked_up":{"minecraft:wooden_axe":1,"minecraft:crafting_table":2,"vinery:red_grape":2,"minecraft:ladder":1,"minecraft:andesite":3,"minecraft:leather":5,"minecraft:flint":3,"minecraft:tuff":1,"minecraft:oak_log":17,"tombstone:grave_key":1,"minecraft:gunpowder":1,"minecraft:dirt":9,"minecraft:item_frame":1,"minecraft:acacia_planks":1,"theurgy:sal_ammoniac_crystal":5,"cobblemon:coba_berry":3,"minecraft:beef":10,"cobblemon:oran_berry":20,"cobblemon:relic_coin":24,"minecraft:calcite":3,"dynamictrees:oak_seed":3,"knightlib:small_essence":5,"minecraft:raw_iron":7,"minecraft:stick":14,"cobblemon:apricorn_log":5,"car:canola_seeds":1,"minecraft:torch":9,"cobblemon:blue_apricorn_seed":1,"cobblemon:cheri_berry":17,"cobblemon:persim_berry":26,"minecraft:redstone":2,"minecraft:rotten_flesh":7,"waystones:waystone":1,"create:asurine":4,"minecraft:bone_meal":3,"minecraft:gray_wool":2,"minecraft:baked_potato":1,"cobblemon:blue_apricorn":3,"minecraft:black_wool":2,"minecraft:mutton":10,"minecraft:white_wool":5,"minecraft:coal":9,"iceandfire:raw_silver":2,"minecraft:cobblestone":85},"minecraft:custom":{"minecraft:mob_kills":29,"minecraft:interact_with_crafting_table":11,"minecraft:open_barrel":5,"minecraft:leave_game":4,"minecraft:time_since_death":92104,"minecraft:sleep_in_bed":1,"minecraft:climb_one_cm":2466,"minecraft:time_since_rest":47258,"minecraft:sprint_one_cm":225023,"minecraft:damage_taken":3078,"minecraft:walk_one_cm":263142,"minecraft:drop":34,"minecraft:damage_dealt":5552,"minecraft:swim_one_cm":1850,"minecraft:talked_to_villager":2,"minecraft:fly_one_cm":180433,"minecraft:open_chest":2,"minecraft:crouch_one_cm":6202,"minecraft:play_time":92104,"tombstone:undead_killed":10,"minecraft:sneak_time":4901,"minecraft:walk_under_water_one_cm":7403,"minecraft:jump":1231,"minecraft:walk_on_water_one_cm":17429,"minecraft:interact_with_smoker":5,"minecraft:total_world_time":92104,"minecraft:fall_one_cm":22896},"minecraft:used":{"minecraft:stone_sword":152,"minecraft:stone_pickaxe":105,"minecraft:baked_potato":52,"minecraft:ladder":1,"minecraft:wooden_pickaxe":15,"minecraft:leather_chestplate":1,"minecraft:leather_boots":1,"minecraft:torch":15,"minecraft:mutton":5,"minecraft:crafting_table":4,"minecraft:white_bed":1,"minecraft:wooden_axe":3,"minecraft:item_frame":1,"minecraft:stone_axe":19,"minecraft:cobblestone":32},"minecraft:crafted":{"minecraft:oak_planks":68,"minecraft:crafting_table":2,"minecraft:wooden_pickaxe":1,"minecraft:stone_axe":1,"minecraft:stick":4,"minecraft:stone_pickaxe":1,"minecraft:wooden_axe":1,"minecraft:stone_sword":1,"minecraft:white_bed":1,"minecraft:torch":8},"minecraft:dropped":{"iceandfire:raw_silver":2,"car:canola_seeds":1,"knightlib:small_essence":2,"minecraft:baked_potato":13,"minecraft:tuff":1,"minecraft:wheat":9,"cobblemon:cheri_berry":2,"minecraft:raw_iron":2,"minecraft:rotten_flesh":7,"minecraft:gray_wool":2,"minecraft:gunpowder":1,"minecraft:torch":1,"minecraft:andesite":3,"minecraft:wooden_axe":2,"minecraft:wooden_pickaxe":1,"minecraft:calcite":3,"minecraft:cooked_rabbit":1}},"DataVersion":3465}