{"stats":{"minecraft:killed":{"laendli_transport:slabcrab":2,"minecraft:zombie_villager":1,"grimoireofgaia:bone_knight":1,"minecraft:spider":1,"minecraft:creeper":1,"minecraft:skeleton":1,"minecraft:sheep":6,"laendli_transport:crab":4,"minecraft:zombie":7,"minecraft:cow":4},"minecraft:crafted":{"minecraft:oak_planks":68,"minecraft:crafting_table":3,"comforts:sleeping_bag_white":1,"minecraft:wooden_pickaxe":1,"minecraft:iron_sword":1,"cobblemon:apricorn_planks":20,"minecraft:furnace":1,"minecraft:stone_axe":1,"minecraft:stick":4,"minecraft:iron_ingot":5,"minecraft:iron_pickaxe":1,"minecraft:stone_pickaxe":1,"minecraft:wooden_axe":1,"minecraft:stone_sword":1,"minecraft:white_bed":1,"minecraft:torch":8},"minecraft:used":{"minecraft:stone_sword":152,"minecraft:redstone":1,"minecraft:stone_pickaxe":117,"minecraft:baked_potato":52,"minecraft:ladder":4,"minecraft:iron_sword":7,"minecraft:wooden_pickaxe":15,"minecraft:leather_chestplate":1,"minecraft:leather_boots":1,"minecraft:torch":15,"minecraft:mutton":5,"minecraft:crafting_table":6,"minecraft:white_bed":1,"minecraft:wooden_axe":3,"minecraft:bread":2,"minecraft:iron_pickaxe":1,"minecraft:item_frame":1,"minecraft:stone_axe":24,"minecraft:cobblestone":32,"minecraft:furnace":1,"comforts:sleeping_bag_white":2},"minecraft:mined":{"minecraft:tuff":1,"cobblemon:apricorn_log":5,"minecraft:crafting_table":4,"minecraft:torch":5,"cobblemon:apricorn_leaves":10,"minecraft:ladder":1,"dynamictrees:acacia_leaves":9,"minecraft:grass_block":6,"minecraft:calcite":3,"minecraft:redstone_wire":1,"iceandfire:deepslate_silver_ore":2,"minecraft:tall_grass":7,"theurgy:sal_ammoniac_ore":5,"minecraft:cobblestone":1,"cobblemon:oran_berry":1,"cobblemon:relic_coin_pouch":5,"minecraft:wall_torch":3,"dynamictrees:oak_leaves":1,"minecraft:furnace":1,"minecraft:iron_ore":2,"minecraft:andesite":4,"cobblemon:persim_berry":1,"create:asurine":4,"minecraft:grass":35,"minecraft:oak_log":5,"minecraft:coal_ore":9,"minecraft:dirt":12,"minecraft:stone":94,"minecraft:fern":1},"minecraft:broken":{"minecraft:leather_boots":1,"minecraft:stone_sword":1,"minecraft:leather_chestplate":1},"minecraft:picked_up":{"minecraft:wooden_axe":1,"minecraft:crafting_table":4,"vinery:red_grape":2,"minecraft:ladder":4,"minecraft:andesite":3,"minecraft:leather":5,"minecraft:flint":3,"minecraft:tuff":1,"minecraft:oak_log":17,"tombstone:grave_key":1,"minecraft:gunpowder":1,"minecraft:dirt":19,"cobblemon:white_apricorn":5,"minecraft:item_frame":1,"minecraft:acacia_planks":1,"theurgy:sal_ammoniac_crystal":5,"cobblemon:white_apricorn_seed":1,"minecraft:stone_pickaxe":1,"minecraft:iron_ingot":5,"comforts:sleeping_bag_white":2,"minecraft:beef":10,"cobblemon:oran_berry":20,"cobblemon:relic_coin":24,"minecraft:calcite":3,"cobblemon:coba_berry":3,"dynamictrees:oak_seed":6,"minecraft:furnace":1,"knightlib:small_essence":5,"minecraft:stick":18,"minecraft:raw_iron":7,"cobblemon:apricorn_log":5,"minecraft:copper_ingot":4,"minecraft:torch":9,"car:canola_seeds":1,"cobblemon:blue_apricorn_seed":1,"cobblemon:cheri_berry":17,"cobblemon:persim_berry":26,"minecraft:redstone":5,"minecraft:honey_bottle":1,"minecraft:rotten_flesh":7,"waystones:waystone":1,"create:asurine":4,"minecraft:bone_meal":3,"minecraft:gray_wool":2,"minecraft:baked_potato":1,"minecraft:black_wool":2,"minecraft:white_wool":6,"minecraft:mutton":11,"cobblemon:blue_apricorn":3,"minecraft:coal":17,"iceandfire:raw_silver":2,"minecraft:cobblestone":97},"minecraft:custom":{"minecraft:interact_with_furnace":3,"minecraft:mob_kills":30,"minecraft:interact_with_crafting_table":16,"minecraft:open_barrel":5,"minecraft:leave_game":4,"minecraft:time_since_death":109237,"minecraft:sleep_in_bed":3,"minecraft:climb_one_cm":3020,"minecraft:waystone_activated":1,"minecraft:time_since_rest":1380,"minecraft:sprint_one_cm":244233,"minecraft:damage_taken":3078,"minecraft:walk_one_cm":307491,"minecraft:drop":45,"minecraft:damage_dealt":5632,"minecraft:swim_one_cm":1850,"minecraft:talked_to_villager":4,"minecraft:fly_one_cm":188037,"minecraft:open_chest":8,"minecraft:crouch_one_cm":6554,"minecraft:play_time":109237,"tombstone:undead_killed":10,"minecraft:sneak_time":5175,"minecraft:walk_under_water_one_cm":7403,"minecraft:jump":1322,"minecraft:interact_with_brewingstand":1,"minecraft:walk_on_water_one_cm":17429,"minecraft:total_world_time":109237,"minecraft:interact_with_smoker":5,"minecraft:fall_one_cm":24270},"minecraft:dropped":{"minecraft:furnace":1,"iceandfire:raw_silver":2,"car:canola_seeds":1,"knightlib:small_essence":2,"dynamictrees:oak_seed":6,"minecraft:baked_potato":13,"minecraft:tuff":1,"minecraft:wheat":9,"minecraft:raw_iron":2,"cobblemon:cheri_berry":2,"minecraft:rotten_flesh":7,"minecraft:honey_bottle":1,"create:asurine":4,"minecraft:stick":4,"minecraft:gray_wool":2,"minecraft:gunpowder":1,"minecraft:torch":1,"minecraft:andesite":3,"minecraft:wooden_axe":2,"minecraft:bone_meal":3,"minecraft:stone_pickaxe":2,"minecraft:wooden_pickaxe":1,"minecraft:calcite":3,"minecraft:cooked_rabbit":1,"minecraft:acacia_planks":1,"minecraft:redstone":2}},"DataVersion":3465}