{"stats":{"minecraft:killed":{"minecraft:pig":1,"minecraft:sheep":5,"minecraft:cow":1},"minecraft:killed_by":{"minecraft:zombie":1},"minecraft:crafted":{"minecraft:crafting_table":3,"minecraft:wooden_pickaxe":2,"minecraft:stone_axe":2,"minecraft:bread":3,"minecraft:stick":12,"minecraft:stone_pickaxe":2,"minecraft:stone_sword":1,"minecraft:white_bed":1,"minecraft:acacia_planks":88,"minecraft:torch":4},"minecraft:used":{"minecraft:beetroot":18,"minecraft:stone_sword":33,"minecraft:stone_pickaxe":113,"minecraft:baked_potato":8,"minecraft:wooden_pickaxe":25,"minecraft:cookie":7,"minecraft:torch":6,"minecraft:dirt":25,"minecraft:crafting_table":3,"minecraft:white_bed":1,"farmersdelight:tomato":4,"cobblemon:apricorn_log":2,"minecraft:bread":3,"minecraft:stone_axe":51,"minecraft:cobblestone":10,"minecraft:cooked_rabbit":1,"tombstone:gift":2,"minecraft:cooked_beef":4,"vinery:red_grape_seeds":1},"minecraft:mined":{"minecraft:white_bed":2,"iceandfire:silver_ore":3,"farmersdelight:wild_carrots":3,"cobblemon:apricorn_log":2,"cobblemon:apricorn_leaves":1,"minecraft:torch":4,"minecraft:acacia_log":17,"vinery:red_grape_bush":7,"minecraft:grass_block":3,"minecraft:dead_bush":3,"cobblemon:cyan_mint":3,"minecraft:tall_grass":3,"theurgy:sal_ammoniac_ore":6,"farmersdelight:wild_tomatoes":13,"cobblemon:oran_berry":1,"minecraft:wall_torch":1,"minecraft:deepslate_copper_ore":1,"minecraft:pink_petals":1,"cobblemon:red_mint":3,"minecraft:iron_ore":8,"cobblemon:bluk_berry":3,"minecraft:wheat":18,"cobblemon:pink_mint":3,"cobblemon:persim_berry":5,"minecraft:peony":1,"minecraft:grass":37,"cobblemon:white_apricorn_sapling":1,"minecraft:coal_ore":28,"cobblemon:white_mint":3,"minecraft:beetroots":17,"minecraft:dirt":6,"cobblemon:white_apricorn":1,"minecraft:stone":90},"minecraft:picked_up":{"minecraft:birch_log":16,"minecraft:pink_petals":3,"iceandfire:dragon_skull_lightning":1,"minecraft:charcoal":2,"minecraft:wheat":25,"minecraft:feather":3,"minecraft:cooked_beef":4,"minecraft:chicken":4,"minecraft:andesite":1,"minecraft:leather":1,"minecraft:wooden_pickaxe":1,"vinery:red_grape_seeds":20,"minecraft:cooked_rabbit":1,"minecraft:oak_log":25,"cobblemon:bluk_berry":19,"tombstone:grave_key":2,"cobblemon:cyan_mint_seeds":3,"farmersdelight:tomato":4,"minecraft:dirt":37,"minecraft:raw_copper":2,"cobblemon:white_apricorn":1,"cobblemon:white_mint_leaf":8,"minecraft:item_frame":2,"minecraft:armor_stand":1,"minecraft:acacia_planks":1,"theurgy:sal_ammoniac_crystal":6,"minecraft:beetroot":18,"minecraft:wheat_seeds":51,"cobblemon:green_apricorn":6,"dynamictrees:birch_seed":4,"cobblemon:white_apricorn_seed":1,"minecraft:beef":3,"cobblemon:pink_mint_seeds":5,"cobblemon:oran_berry":5,"dynamictrees:oak_seed":13,"cobblemon:green_apricorn_seed":1,"minecraft:iron_sword":1,"cobblemon:cyan_mint_leaf":8,"cobblemon:red_mint_leaf":7,"minecraft:stick":86,"minecraft:raw_iron":8,"cobblemon:apricorn_log":2,"iceandfire:dragonbone":11,"car:canola_seeds":1,"minecraft:torch":5,"minecraft:acacia_log":53,"vinery:white_grape":2,"minecraft:porkchop":4,"cobblemon:cheri_berry":2,"cobblemon:premier_ball":6,"minecraft:cherry_log":16,"farmersdelight:tomato_seeds":13,"cobblemon:white_mint_seeds":3,"dynamictrees:acacia_seed":6,"cobblemon:persim_berry":4,"minecraft:white_bed":2,"minecraft:carrot":3,"cobblemon:red_mint_seeds":6,"minecraft:arrow":2,"minecraft:beetroot_seeds":53,"cobblemon:pink_mint_leaf":6,"dynamictrees:cherry_seed":4,"cobblemon:green_mint_seeds":1,"minecraft:baked_potato":8,"minecraft:mutton":5,"minecraft:coal":28,"iceandfire:raw_silver":3,"minecraft:white_wool":5,"minecraft:cobblestone":89},"minecraft:custom":{"minecraft:mob_kills":7,"minecraft:interact_with_crafting_table":11,"minecraft:open_barrel":3,"minecraft:eat_cake_slice":3,"minecraft:leave_game":6,"minecraft:time_since_death":14019,"minecraft:climb_one_cm":375,"minecraft:time_since_rest":14022,"minecraft:sprint_one_cm":108981,"minecraft:damage_taken":5122,"minecraft:walk_one_cm":222919,"minecraft:drop":15,"minecraft:damage_dealt":919,"minecraft:talked_to_villager":1,"minecraft:fly_one_cm":449291,"minecraft:open_chest":2,"minecraft:crouch_one_cm":10500,"minecraft:play_time":109329,"minecraft:sneak_time":6446,"minecraft:deaths":3,"minecraft:walk_under_water_one_cm":189,"minecraft:jump":1393,"minecraft:walk_on_water_one_cm":763,"minecraft:total_world_time":109329,"minecraft:fall_one_cm":45244},"minecraft:dropped":{"car:canola_seeds":1,"minecraft:wheat_seeds":1,"cobblemon:pink_mint_seeds":5,"minecraft:stone_sword":1,"minecraft:raw_iron":2,"cobblemon:green_mint_seeds":1,"cobblemon:white_mint_seeds":3,"minecraft:andesite":1,"minecraft:wooden_pickaxe":3,"cobblemon:red_mint_seeds":3,"minecraft:acacia_planks":2}},"DataVersion":3465}