{"stats":{"minecraft:broken":{"minecraft:stone_axe":1},"minecraft:crafted":{"minecraft:cooked_chicken":1,"minecraft:furnace":2,"minecraft:stone_pickaxe":2,"minecraft:chest":2,"onlyhammersandexcavators:stone_hammer":1,"minecraft:cooked_porkchop":3,"minecraft:crafting_table":6,"minecraft:spruce_planks":24,"minecraft:wooden_pickaxe":2,"minecraft:iron_sword":1,"minecraft:birch_planks":8,"minecraft:stone_axe":3,"minecraft:bread":3,"minecraft:air":0,"minecraft:stick":20,"minecraft:iron_ingot":10,"minecraft:iron_pickaxe":1,"minecraft:stone_sword":1,"minecraft:white_bed":1,"minecraft:acacia_planks":88,"minecraft:torch":4},"minecraft:custom":{"minecraft:mob_kills":10,"minecraft:interact_with_crafting_table":19,"minecraft:open_barrel":4,"minecraft:eat_cake_slice":3,"minecraft:leave_game":8,"minecraft:time_since_death":31473,"minecraft:climb_one_cm":375,"minecraft:sprint_one_cm":132908,"minecraft:walk_one_cm":364669,"minecraft:drop":37,"minecraft:talked_to_villager":1,"minecraft:play_time":162543,"minecraft:deaths":4,"minecraft:sneak_time":11037,"minecraft:walk_under_water_one_cm":4247,"minecraft:jump":2297,"minecraft:walk_on_water_one_cm":2439,"minecraft:total_world_time":162543,"minecraft:interact_with_furnace":11,"minecraft:interact_with_loom":2,"minecraft:sleep_in_bed":3,"minecraft:time_since_rest":14720,"minecraft:waystone_activated":1,"minecraft:damage_taken":5731,"minecraft:damage_dealt":1459,"minecraft:fly_one_cm":508844,"minecraft:player_kills":1,"minecraft:open_chest":7,"minecraft:crouch_one_cm":20089,"tombstone:undead_killed":2,"minecraft:fall_one_cm":66691},"minecraft:mined":{"create:zinc_ore":4,"alexscaves:spelunkery_table":1,"create:deepslate_zinc_ore":7,"minecraft:white_bed":3,"iceandfire:silver_ore":3,"farmersdelight:wild_carrots":3,"cobblemon:apricorn_log":2,"minecraft:acacia_log":25,"minecraft:grass_block":3,"iceandfire:deepslate_silver_ore":1,"minecraft:moss_block":3,"minecraft:iron_ore":22,"wizards_reborn:deepslate_arcanum_ore":7,"cobblemon:pink_mint":3,"minecraft:pumpkin":4,"minecraft:peony":1,"cobblemon:white_apricorn_sapling":1,"cobblemon:deepslate_sun_stone_ore":1,"minecraft:deepslate_iron_ore":2,"cobblemon:white_apricorn":1,"minecraft:stone":159,"minecraft:torch":4,"cobblemon:apricorn_leaves":1,"vinery:red_grape_bush":8,"minecraft:dead_bush":3,"cobblemon:cyan_mint":3,"minecraft:tall_grass":7,"minecraft:lapis_ore":1,"theurgy:sal_ammoniac_ore":6,"farmersdelight:wild_tomatoes":13,"cobblemon:oran_berry":1,"minecraft:wall_torch":1,"minecraft:deepslate_copper_ore":1,"minecraft:pink_petals":1,"minecraft:spruce_stairs":1,"cobblemon:red_mint":3,"forbidden_arcanus:xpetrified_ore":1,"cobblemon:bluk_berry":3,"minecraft:wheat":18,"minecraft:spruce_log":6,"cobblemon:persim_berry":5,"minecraft:grass":68,"minecraft:oak_log":37,"minecraft:coal_ore":47,"minecraft:beetroots":17,"cobblemon:white_mint":3,"minecraft:dirt":6,"minecraft:oak_leaves":4,"minecraft:deepslate":4,"minecraft:fern":1},"minecraft:used":{"minecraft:beetroot":18,"minecraft:stone_sword":33,"minecraft:chest":2,"minecraft:cooked_chicken":1,"minecraft:rotten_flesh":2,"minecraft:torch":6,"minecraft:dirt":29,"farmersdelight:tomato":4,"cobblemon:pc":1,"minecraft:furnace":2,"tombstone:gift":2,"minecraft:cooked_beef":4,"minecraft:stone_pickaxe":231,"minecraft:baked_potato":8,"minecraft:wooden_pickaxe":25,"minecraft:cookie":7,"minecraft:crafting_table":6,"minecraft:white_bed":3,"cobblemon:apricorn_log":2,"minecraft:bread":3,"minecraft:iron_pickaxe":14,"minecraft:stone_axe":169,"minecraft:cobblestone":15,"minecraft:cooked_porkchop":2,"minecraft:cooked_rabbit":1,"vinery:red_grape_seeds":1},"minecraft:killed":{"minecraft:skeleton":1,"minecraft:pig":2,"minecraft:sheep":5,"minecraft:zombie":1,"minecraft:cow":1},"minecraft:killed_by":{"minecraft:player":1,"minecraft:zombie":1},"minecraft:picked_up":{"iceandfire:dragon_skull_lightning":2,"minecraft:charcoal":6,"minecraft:wheat":25,"minecraft:chicken":7,"minecraft:clay_ball":1,"minecraft:wooden_pickaxe":1,"vinery:red_grape_seeds":43,"minecraft:cooked_rabbit":1,"tombstone:grave_key":2,"cobblemon:cyan_mint_seeds":3,"cobblemon:wepear_berry":22,"forbidden_arcanus:xpetrified_orb":1,"minecraft:string":3,"minecraft:raw_copper":2,"cobblemon:white_mint_leaf":16,"minecraft:armor_stand":1,"minecraft:item_frame":2,"cobblemon:white_apricorn":2,"sushigocrafting:sesame_seeds":3,"minecraft:beetroot":18,"minecraft:cobbled_deepslate":110,"cobblemon:green_apricorn":12,"cobblemon:white_apricorn_seed":2,"minecraft:spruce_planks":20,"minecraft:beef":3,"cobblemon:oran_berry":10,"dynamictrees:oak_seed":66,"cobblemon:green_apricorn_seed":2,"cobblemon:red_mint_leaf":14,"cobblemon:cyan_mint_leaf":8,"wizards_reborn:arcanum":7,"minecraft:stick":315,"minecraft:raw_iron":25,"iceandfire:dragonbone":22,"cobblemon:apricorn_log":2,"minecraft:torch":5,"minecraft:acacia_log":112,"minecraft:porkchop":7,"farmersdelight:tomato_seeds":13,"cobblemon:white_mint_seeds":3,"minecraft:cherry_log":32,"minecraft:carrot":3,"minecraft:arrow":5,"minecraft:rotten_flesh":2,"minecraft:beetroot_seeds":53,"cobblemon:pink_mint_leaf":12,"alexscaves:spelunkery_table":1,"cobblemon:green_mint_seeds":1,"minecraft:mutton":5,"minecraft:white_wool":6,"minecraft:cobblestone":268,"minecraft:birch_log":40,"minecraft:pink_petals":3,"minecraft:feather":8,"minecraft:cooked_beef":4,"sushigocrafting:rice_seeds":2,"minecraft:andesite":1,"minecraft:leather":1,"minecraft:potato":1,"create:raw_zinc":11,"cobblemon:bluk_berry":38,"minecraft:oak_log":256,"minecraft:lapis_lazuli":8,"farmersdelight:tomato":4,"minecraft:dirt":65,"minecraft:bone":1,"minecraft:acacia_planks":1,"theurgy:sal_ammoniac_crystal":6,"minecraft:wheat_seeds":51,"dynamictrees:birch_seed":24,"cobblemon:pink_mint_seeds":5,"minecraft:stone_pickaxe":1,"minecraft:moss_block":1,"minecraft:iron_sword":1,"cobblemon:sun_stone":1,"minecraft:pumpkin":4,"car:canola_seeds":3,"sushigocrafting:cucumber_seeds":1,"cobblemon:premier_ball":6,"cobblemon:cheri_berry":2,"vinery:white_grape":6,"dynamictrees:acacia_seed":10,"cobblemon:persim_berry":4,"minecraft:white_bed":5,"minecraft:spruce_log":6,"cobblemon:red_mint_seeds":6,"minecraft:stone_axe":1,"wizards_reborn:arcanum_dust":12,"dynamictrees:cherry_seed":4,"minecraft:baked_potato":8,"minecraft:coal":47,"iceandfire:raw_silver":7},"minecraft:dropped":{"farmersdelight:tomato_seeds":5,"minecraft:wheat_seeds":1,"cobblemon:pink_mint_seeds":5,"minecraft:feather":2,"minecraft:stick":35,"minecraft:dirt":12,"cobblemon:white_mint_seeds":3,"dynamictrees:cherry_seed":4,"minecraft:pink_petals":3,"cobblemon:red_mint_seeds":6,"minecraft:acacia_planks":2,"car:canola_seeds":3,"cobblemon:wepear_berry":22,"minecraft:stone_sword":1,"sushigocrafting:cucumber_seeds":1,"minecraft:raw_iron":2,"minecraft:clay_ball":1,"sushigocrafting:rice_seeds":2,"minecraft:white_bed":1,"sushigocrafting:sesame_seeds":3,"vinery:white_grape":2,"cobblemon:green_mint_seeds":1,"minecraft:charcoal":2,"minecraft:andesite":1,"minecraft:wooden_pickaxe":3}},"DataVersion":3465}