{"stats":{"minecraft:crafted":{"minecraft:crafting_table":1,"minecraft:stick":8,"minecraft:wooden_pickaxe":1,"minecraft:stone_pickaxe":1,"minecraft:stone_sword":1,"minecraft:acacia_planks":12,"minecraft:stone_axe":1},"minecraft:custom":{"minecraft:time_since_rest":14585,"minecraft:sprint_one_cm":32103,"minecraft:damage_taken":420,"minecraft:walk_one_cm":62793,"minecraft:mob_kills":2,"minecraft:drop":1,"minecraft:damage_dealt":180,"minecraft:interact_with_crafting_table":3,"minecraft:fly_one_cm":48586,"minecraft:open_barrel":3,"minecraft:open_chest":1,"minecraft:crouch_one_cm":2649,"minecraft:play_time":28856,"minecraft:deaths":1,"minecraft:sneak_time":1301,"minecraft:jump":371,"minecraft:leave_game":1,"minecraft:time_since_death":14582,"minecraft:walk_on_water_one_cm":46,"minecraft:total_world_time":28856,"minecraft:climb_one_cm":98,"minecraft:fall_one_cm":12920},"minecraft:mined":{"minecraft:wheat":18,"minecraft:grass":25,"minecraft:acacia_log":7,"minecraft:grass_block":1,"minecraft:beetroots":17,"minecraft:dead_bush":1,"minecraft:dirt":3,"farmersdelight:wild_tomatoes":8,"minecraft:stone":16},"minecraft:killed":{"minecraft:sheep":1,"minecraft:pig":1},"minecraft:dropped":{"minecraft:wooden_pickaxe":1},"minecraft:picked_up":{"minecraft:stick":11,"minecraft:wheat":16,"minecraft:feather":1,"minecraft:chicken":1,"minecraft:wooden_pickaxe":1,"car:canola_seeds":1,"minecraft:acacia_log":13,"minecraft:porkchop":2,"farmersdelight:tomato_seeds":8,"dynamictrees:acacia_seed":4,"farmersdelight:tomato":2,"minecraft:dirt":19,"minecraft:beetroot":18,"minecraft:beetroot_seeds":53,"minecraft:wheat_seeds":48,"minecraft:baked_potato":8,"minecraft:mutton":1,"minecraft:white_wool":1,"minecraft:cobblestone":16},"minecraft:used":{"minecraft:stone_sword":12,"farmersdelight:tomato":2,"minecraft:baked_potato":4,"minecraft:wooden_pickaxe":16,"minecraft:stone_axe":9,"minecraft:dirt":9,"minecraft:crafting_table":1,"tombstone:gift":2}},"DataVersion":3465}