{"stats":{"minecraft:killed":{"minecraft:pig":1,"minecraft:sheep":5,"minecraft:zombie":1,"minecraft:cow":1},"minecraft:crafted":{"minecraft:stone_pickaxe":2,"minecraft:crafting_table":4,"minecraft:spruce_planks":24,"minecraft:wooden_pickaxe":2,"minecraft:stone_axe":3,"minecraft:bread":3,"minecraft:stick":12,"minecraft:stone_sword":1,"minecraft:white_bed":1,"minecraft:acacia_planks":88,"minecraft:torch":4},"minecraft:killed_by":{"minecraft:player":1,"minecraft:zombie":1},"minecraft:used":{"minecraft:beetroot":18,"minecraft:stone_sword":33,"minecraft:rotten_flesh":2,"minecraft:torch":6,"minecraft:dirt":25,"farmersdelight:tomato":4,"tombstone:gift":2,"minecraft:cooked_beef":4,"minecraft:stone_pickaxe":176,"minecraft:baked_potato":8,"minecraft:wooden_pickaxe":25,"minecraft:cookie":7,"minecraft:crafting_table":4,"minecraft:white_bed":2,"cobblemon:apricorn_log":2,"minecraft:bread":3,"minecraft:stone_axe":122,"minecraft:cobblestone":10,"minecraft:cooked_rabbit":1,"vinery:red_grape_seeds":1},"minecraft:mined":{"minecraft:white_bed":3,"iceandfire:silver_ore":3,"farmersdelight:wild_carrots":3,"cobblemon:apricorn_log":2,"minecraft:acacia_log":17,"minecraft:grass_block":3,"minecraft:moss_block":2,"minecraft:iron_ore":8,"cobblemon:pink_mint":3,"minecraft:peony":1,"cobblemon:white_apricorn_sapling":1,"cobblemon:white_apricorn":1,"minecraft:stone":153,"minecraft:torch":4,"cobblemon:apricorn_leaves":1,"vinery:red_grape_bush":8,"minecraft:dead_bush":3,"cobblemon:cyan_mint":3,"minecraft:tall_grass":6,"theurgy:sal_ammoniac_ore":6,"farmersdelight:wild_tomatoes":13,"cobblemon:oran_berry":1,"minecraft:wall_torch":1,"minecraft:deepslate_copper_ore":1,"minecraft:pink_petals":1,"minecraft:spruce_stairs":1,"cobblemon:red_mint":3,"cobblemon:bluk_berry":3,"minecraft:wheat":18,"minecraft:spruce_log":6,"cobblemon:persim_berry":5,"minecraft:grass":47,"minecraft:oak_log":37,"minecraft:coal_ore":28,"minecraft:beetroots":17,"cobblemon:white_mint":3,"minecraft:dirt":6,"minecraft:oak_leaves":4,"minecraft:fern":1},"minecraft:broken":{"minecraft:stone_axe":1},"minecraft:picked_up":{"iceandfire:dragon_skull_lightning":2,"minecraft:charcoal":4,"minecraft:wheat":25,"minecraft:chicken":6,"minecraft:wooden_pickaxe":1,"vinery:red_grape_seeds":43,"minecraft:cooked_rabbit":1,"tombstone:grave_key":2,"cobblemon:cyan_mint_seeds":3,"cobblemon:wepear_berry":22,"minecraft:raw_copper":2,"cobblemon:white_mint_leaf":16,"minecraft:armor_stand":1,"minecraft:item_frame":2,"cobblemon:white_apricorn":2,"sushigocrafting:sesame_seeds":1,"minecraft:beetroot":18,"cobblemon:green_apricorn":12,"cobblemon:white_apricorn_seed":2,"minecraft:spruce_planks":20,"minecraft:beef":3,"cobblemon:oran_berry":10,"dynamictrees:oak_seed":66,"cobblemon:green_apricorn_seed":2,"cobblemon:red_mint_leaf":14,"cobblemon:cyan_mint_leaf":8,"minecraft:stick":305,"minecraft:raw_iron":8,"iceandfire:dragonbone":22,"cobblemon:apricorn_log":2,"minecraft:torch":5,"minecraft:acacia_log":87,"minecraft:porkchop":4,"farmersdelight:tomato_seeds":13,"cobblemon:white_mint_seeds":3,"minecraft:cherry_log":32,"minecraft:carrot":3,"minecraft:arrow":4,"minecraft:rotten_flesh":2,"minecraft:beetroot_seeds":53,"cobblemon:pink_mint_leaf":12,"cobblemon:green_mint_seeds":1,"minecraft:mutton":5,"minecraft:white_wool":6,"minecraft:cobblestone":216,"minecraft:birch_log":40,"minecraft:pink_petals":3,"minecraft:feather":5,"minecraft:cooked_beef":4,"sushigocrafting:rice_seeds":1,"minecraft:andesite":1,"minecraft:leather":1,"cobblemon:bluk_berry":38,"minecraft:oak_log":256,"farmersdelight:tomato":4,"minecraft:dirt":61,"minecraft:acacia_planks":1,"theurgy:sal_ammoniac_crystal":6,"minecraft:wheat_seeds":51,"minecraft:stone_pickaxe":1,"dynamictrees:birch_seed":24,"cobblemon:pink_mint_seeds":5,"minecraft:iron_sword":1,"car:canola_seeds":2,"sushigocrafting:cucumber_seeds":1,"cobblemon:premier_ball":6,"cobblemon:cheri_berry":2,"vinery:white_grape":4,"dynamictrees:acacia_seed":10,"cobblemon:persim_berry":4,"minecraft:white_bed":5,"minecraft:spruce_log":6,"cobblemon:red_mint_seeds":6,"minecraft:stone_axe":1,"dynamictrees:cherry_seed":4,"minecraft:baked_potato":8,"minecraft:coal":28,"iceandfire:raw_silver":6},"minecraft:custom":{"minecraft:mob_kills":8,"minecraft:interact_with_crafting_table":12,"minecraft:open_barrel":3,"minecraft:eat_cake_slice":3,"minecraft:leave_game":7,"minecraft:time_since_death":1940,"minecraft:climb_one_cm":375,"minecraft:sprint_one_cm":111143,"minecraft:walk_one_cm":301355,"minecraft:drop":25,"minecraft:talked_to_villager":1,"minecraft:play_time":133010,"minecraft:deaths":4,"minecraft:sneak_time":9148,"minecraft:walk_under_water_one_cm":4247,"minecraft:jump":1912,"minecraft:walk_on_water_one_cm":2089,"minecraft:total_world_time":133010,"minecraft:sleep_in_bed":1,"minecraft:time_since_rest":1943,"minecraft:waystone_activated":1,"minecraft:damage_taken":5476,"minecraft:damage_dealt":1113,"minecraft:fly_one_cm":455000,"minecraft:open_chest":2,"minecraft:crouch_one_cm":15372,"tombstone:undead_killed":1,"minecraft:fall_one_cm":56330},"minecraft:dropped":{"farmersdelight:tomato_seeds":5,"minecraft:wheat_seeds":1,"cobblemon:pink_mint_seeds":5,"minecraft:stick":25,"minecraft:dirt":12,"cobblemon:white_mint_seeds":3,"dynamictrees:cherry_seed":4,"minecraft:pink_petals":3,"cobblemon:red_mint_seeds":6,"minecraft:acacia_planks":2,"car:canola_seeds":1,"cobblemon:wepear_berry":22,"minecraft:stone_sword":1,"minecraft:raw_iron":2,"minecraft:white_bed":1,"sushigocrafting:sesame_seeds":1,"cobblemon:green_mint_seeds":1,"minecraft:andesite":1,"minecraft:wooden_pickaxe":3}},"DataVersion":3465}