{"stats":{"minecraft:killed":{"minecraft:zombie":1},"minecraft:custom":{"minecraft:time_since_rest":39189,"minecraft:crouch_one_cm":481,"minecraft:play_time":65668,"minecraft:sprint_one_cm":11365,"minecraft:damage_taken":420,"minecraft:deaths":4,"minecraft:walk_one_cm":21788,"minecraft:sneak_time":344,"minecraft:mob_kills":1,"minecraft:jump":276,"minecraft:damage_dealt":240,"minecraft:leave_game":14,"minecraft:time_since_death":39186,"minecraft:total_world_time":65668,"minecraft:climb_one_cm":516,"minecraft:interact_with_crafting_table":14,"minecraft:fall_one_cm":6326,"minecraft:fly_one_cm":228307},"minecraft:used":{"minecraft:creeper_spawn_egg":1,"minecraft:wheat_seeds":4,"minecraft:ender_eye":45,"minecraft:diamond_sword":4,"minecraft:flint_and_steel":3,"minecraft:tnt":1,"minecraft:crafting_table":2,"minecraft:end_portal_frame":41,"minecraft:ender_pearl":1,"minecraft:netherite_hoe":4,"minecraft:obsidian":24},"minecraft:crafted":{"minecraft:diamond_sword":1,"minecraft:diamond_pickaxe":1,"minecraft:diamond_axe":1,"minecraft:crafting_table":1,"minecraft:stick":8},"minecraft:picked_up":{"minecraft:crafting_table":65,"minecraft:stick":64,"minecraft:rotten_flesh":2,"minecraft:diamond":64,"minecraft:wheat_seeds":1,"minecraft:obsidian":1,"minecraft:dirt":16},"minecraft:mined":{"minecraft:grass":5,"minecraft:jungle_leaves":1,"minecraft:fern":1}},"DataVersion":3465}