{"stats":{"minecraft:used":{"minecraft:creeper_spawn_egg":1,"minecraft:wheat_seeds":4,"minecraft:ender_eye":45,"minecraft:flint_and_steel":3,"minecraft:ender_pearl":1,"minecraft:netherite_hoe":4,"minecraft:diamond_sword":4,"minecraft:tnt":1,"minecraft:crafting_table":2,"minecraft:end_portal_frame":41,"minecraft:obsidian":24},"minecraft:mined":{"minecraft:jungle_leaves":1,"minecraft:grass":12,"minecraft:fern":5},"minecraft:killed":{"minecraft:zombie":1},"minecraft:custom":{"minecraft:time_since_rest":18718,"minecraft:sprint_one_cm":38044,"minecraft:walk_one_cm":56336,"minecraft:damage_taken":750,"minecraft:mob_kills":1,"minecraft:drop":2,"minecraft:damage_dealt":240,"minecraft:swim_one_cm":48,"minecraft:interact_with_crafting_table":14,"minecraft:fly_one_cm":474315,"minecraft:crouch_one_cm":1426,"minecraft:play_time":180229,"minecraft:deaths":22,"minecraft:sneak_time":971,"minecraft:walk_under_water_one_cm":2684,"minecraft:jump":774,"minecraft:leave_game":32,"minecraft:walk_on_water_one_cm":393,"minecraft:time_since_death":18715,"minecraft:climb_one_cm":1459,"minecraft:total_world_time":180229,"minecraft:fall_one_cm":16729},"minecraft:dropped":{"minecraft:wheat_seeds":1,"minecraft:arrow":1},"minecraft:crafted":{"minecraft:diamond_sword":1,"minecraft:diamond_pickaxe":1,"minecraft:diamond_axe":1,"minecraft:crafting_table":1,"minecraft:stick":8},"minecraft:picked_up":{"minecraft:stick":64,"minecraft:crafting_table":65,"minecraft:dirt":16,"minecraft:arrow":1,"minecraft:rotten_flesh":2,"minecraft:diamond":64,"minecraft:wheat_seeds":3,"minecraft:obsidian":1},"minecraft:killed_by":{"minecraft:skeleton":1,"minecraft:creeper":1}},"DataVersion":3465}