{"stats":{"minecraft:crafted":{"minecraft:crafting_table":1,"minecraft:stick":8,"minecraft:wooden_pickaxe":1,"minecraft:stone_pickaxe":1,"minecraft:stone_sword":1,"minecraft:acacia_planks":12,"minecraft:torch":4,"minecraft:stone_axe":1},"minecraft:custom":{"minecraft:time_since_rest":26585,"minecraft:sprint_one_cm":35721,"minecraft:damage_taken":1577,"minecraft:walk_one_cm":91172,"minecraft:mob_kills":2,"minecraft:drop":3,"minecraft:damage_dealt":180,"minecraft:interact_with_crafting_table":4,"minecraft:fly_one_cm":52537,"minecraft:open_barrel":3,"minecraft:open_chest":1,"minecraft:crouch_one_cm":5893,"minecraft:play_time":40856,"minecraft:deaths":1,"minecraft:sneak_time":3335,"minecraft:jump":519,"minecraft:leave_game":1,"minecraft:time_since_death":26582,"minecraft:walk_on_water_one_cm":46,"minecraft:total_world_time":40856,"minecraft:climb_one_cm":98,"minecraft:fall_one_cm":15922},"minecraft:mined":{"minecraft:iron_ore":8,"minecraft:wheat":18,"minecraft:torch":2,"minecraft:grass":25,"minecraft:acacia_log":7,"minecraft:grass_block":2,"minecraft:coal_ore":28,"minecraft:beetroots":17,"minecraft:dead_bush":1,"minecraft:dirt":3,"theurgy:sal_ammoniac_ore":6,"farmersdelight:wild_tomatoes":8,"minecraft:stone":80},"minecraft:killed":{"minecraft:sheep":1,"minecraft:pig":1},"minecraft:dropped":{"minecraft:raw_iron":2,"minecraft:wooden_pickaxe":1},"minecraft:picked_up":{"minecraft:stick":13,"minecraft:raw_iron":8,"minecraft:wheat":16,"minecraft:feather":1,"minecraft:chicken":1,"minecraft:andesite":1,"minecraft:torch":2,"minecraft:wooden_pickaxe":1,"car:canola_seeds":1,"minecraft:acacia_log":13,"cobblemon:cheri_berry":2,"minecraft:porkchop":2,"farmersdelight:tomato_seeds":8,"dynamictrees:acacia_seed":4,"farmersdelight:tomato":2,"minecraft:dirt":19,"theurgy:sal_ammoniac_crystal":6,"minecraft:beetroot":18,"minecraft:beetroot_seeds":53,"minecraft:wheat_seeds":49,"minecraft:baked_potato":8,"minecraft:mutton":1,"minecraft:coal":28,"minecraft:white_wool":1,"minecraft:cobblestone":79},"minecraft:used":{"minecraft:beetroot":6,"minecraft:stone_sword":12,"farmersdelight:tomato":2,"minecraft:stone_pickaxe":107,"minecraft:baked_potato":8,"minecraft:wooden_pickaxe":16,"minecraft:cookie":3,"minecraft:stone_axe":9,"minecraft:torch":3,"minecraft:dirt":19,"minecraft:cobblestone":10,"minecraft:crafting_table":1,"tombstone:gift":2}},"DataVersion":3465}