{"stats":{"minecraft:custom":{"minecraft:jump":187,"minecraft:damage_taken":380,"minecraft:time_since_rest":2585,"minecraft:leave_game":1,"minecraft:time_since_death":2582,"minecraft:crouch_one_cm":763,"minecraft:play_time":16856,"minecraft:sprint_one_cm":6480,"minecraft:walk_one_cm":39811,"minecraft:deaths":1,"minecraft:sneak_time":134,"minecraft:total_world_time":16856,"minecraft:climb_one_cm":98,"minecraft:fly_one_cm":15746,"minecraft:fall_one_cm":4623},"minecraft:mined":{"minecraft:grass":9,"farmersdelight:wild_tomatoes":8,"minecraft:dead_bush":1},"minecraft:picked_up":{"minecraft:stick":2,"farmersdelight:tomato_seeds":8,"car:canola_seeds":1,"farmersdelight:tomato":2},"minecraft:used":{"farmersdelight:tomato":2}},"DataVersion":3465}