{"stats":{"minecraft:killed_by":{"minecraft:zombie":1},"minecraft:crafted":{"minecraft:crafting_table":2,"minecraft:wooden_pickaxe":1,"minecraft:stone_axe":1,"minecraft:stick":8,"minecraft:stone_pickaxe":1,"minecraft:stone_sword":1,"minecraft:white_bed":1,"minecraft:acacia_planks":76,"minecraft:torch":4},"minecraft:custom":{"minecraft:mob_kills":7,"minecraft:interact_with_crafting_table":5,"minecraft:open_barrel":3,"minecraft:eat_cake_slice":3,"minecraft:leave_game":3,"minecraft:time_since_death":4655,"minecraft:climb_one_cm":98,"minecraft:time_since_rest":4658,"minecraft:sprint_one_cm":61442,"minecraft:damage_taken":3922,"minecraft:walk_one_cm":129251,"minecraft:drop":9,"minecraft:damage_dealt":600,"minecraft:talked_to_villager":1,"minecraft:fly_one_cm":85620,"minecraft:open_chest":1,"minecraft:crouch_one_cm":6128,"minecraft:play_time":59954,"minecraft:deaths":2,"minecraft:sneak_time":3565,"minecraft:jump":778,"minecraft:walk_on_water_one_cm":556,"minecraft:total_world_time":59954,"minecraft:fall_one_cm":23123},"minecraft:mined":{"minecraft:white_bed":1,"farmersdelight:wild_carrots":3,"minecraft:torch":4,"minecraft:acacia_log":7,"minecraft:grass_block":2,"minecraft:dead_bush":1,"minecraft:tall_grass":2,"cobblemon:cyan_mint":3,"theurgy:sal_ammoniac_ore":6,"farmersdelight:wild_tomatoes":8,"minecraft:wall_torch":1,"minecraft:deepslate_copper_ore":1,"minecraft:iron_ore":8,"minecraft:wheat":18,"cobblemon:persim_berry":5,"minecraft:grass":27,"minecraft:coal_ore":28,"minecraft:beetroots":17,"minecraft:dirt":3,"minecraft:stone":80},"minecraft:killed":{"minecraft:pig":1,"minecraft:sheep":5,"minecraft:cow":1},"minecraft:dropped":{"car:canola_seeds":1,"minecraft:stone_sword":1,"minecraft:raw_iron":2,"minecraft:andesite":1,"minecraft:wooden_pickaxe":2,"minecraft:acacia_planks":2},"minecraft:picked_up":{"minecraft:wheat":25,"minecraft:feather":3,"minecraft:chicken":4,"minecraft:andesite":1,"minecraft:leather":1,"minecraft:wooden_pickaxe":1,"minecraft:cooked_rabbit":1,"cobblemon:cyan_mint_seeds":3,"farmersdelight:tomato":2,"minecraft:dirt":19,"minecraft:raw_copper":2,"minecraft:armor_stand":1,"minecraft:item_frame":2,"minecraft:acacia_planks":1,"theurgy:sal_ammoniac_crystal":6,"minecraft:beetroot":18,"minecraft:wheat_seeds":50,"minecraft:beef":3,"minecraft:iron_sword":1,"cobblemon:cyan_mint_leaf":8,"minecraft:stick":21,"minecraft:raw_iron":8,"car:canola_seeds":1,"minecraft:torch":5,"minecraft:acacia_log":34,"cobblemon:cheri_berry":2,"minecraft:porkchop":4,"farmersdelight:tomato_seeds":8,"dynamictrees:acacia_seed":6,"cobblemon:persim_berry":4,"minecraft:white_bed":1,"minecraft:carrot":3,"minecraft:beetroot_seeds":53,"minecraft:baked_potato":8,"minecraft:mutton":5,"minecraft:coal":28,"minecraft:white_wool":5,"minecraft:cobblestone":79},"minecraft:used":{"minecraft:beetroot":18,"minecraft:stone_sword":33,"minecraft:stone_pickaxe":108,"minecraft:baked_potato":8,"minecraft:wooden_pickaxe":16,"minecraft:cookie":7,"minecraft:torch":6,"minecraft:dirt":19,"minecraft:crafting_table":2,"minecraft:white_bed":1,"farmersdelight:tomato":2,"minecraft:stone_axe":18,"minecraft:cobblestone":10,"minecraft:cooked_rabbit":1,"tombstone:gift":2}},"DataVersion":3465}