{"stats":{"minecraft:crafted":{"minecraft:diamond_sword":1,"minecraft:diamond_pickaxe":1,"minecraft:diamond_axe":1,"minecraft:crafting_table":1,"minecraft:stick":8},"minecraft:picked_up":{"minecraft:crafting_table":1,"minecraft:rotten_flesh":2,"minecraft:wheat_seeds":1,"minecraft:dirt":16},"minecraft:mined":{"minecraft:grass":5,"minecraft:jungle_leaves":1,"minecraft:fern":1},"minecraft:used":{"minecraft:creeper_spawn_egg":1,"minecraft:wheat_seeds":4,"minecraft:diamond_sword":4,"minecraft:flint_and_steel":1,"minecraft:tnt":1,"minecraft:crafting_table":1,"minecraft:netherite_hoe":4},"minecraft:killed":{"minecraft:zombie":1},"minecraft:custom":{"minecraft:time_since_rest":2231,"minecraft:sprint_one_cm":748,"minecraft:play_time":12781,"minecraft:deaths":2,"minecraft:damage_taken":330,"minecraft:walk_one_cm":4755,"minecraft:sneak_time":33,"minecraft:mob_kills":1,"minecraft:jump":55,"minecraft:damage_dealt":200,"minecraft:leave_game":5,"minecraft:time_since_death":2229,"minecraft:total_world_time":12781,"minecraft:fly_one_cm":14560,"minecraft:interact_with_crafting_table":3,"minecraft:fall_one_cm":3508}},"DataVersion":3120}