{"stats":{"minecraft:broken":{"minecraft:stone_axe":2},"minecraft:crafted":{"comforts:sleeping_bag_white":1,"minecraft:cooked_chicken":1,"minecraft:furnace":2,"minecraft:bone_meal":540,"minecraft:stone_pickaxe":2,"minecraft:chest":2,"onlyhammersandexcavators:stone_hammer":1,"minecraft:cooked_beef":3,"paraglider:paraglider":1,"minecraft:cooked_porkchop":3,"minecraft:crafting_table":8,"minecraft:spruce_planks":24,"minecraft:baked_potato":53,"minecraft:wooden_pickaxe":2,"minecraft:iron_helmet":1,"minecraft:iron_sword":1,"minecraft:birch_planks":16,"minecraft:stone_axe":3,"minecraft:bread":3,"minecraft:air":0,"minecraft:iron_chestplate":1,"minecraft:stick":20,"minecraft:iron_ingot":25,"minecraft:iron_pickaxe":1,"minecraft:iron_leggings":1,"minecraft:stone_sword":1,"minecraft:white_bed":1,"minecraft:acacia_planks":88,"minecraft:torch":12},"minecraft:custom":{"minecraft:mob_kills":32,"minecraft:interact_with_crafting_table":25,"minecraft:open_barrel":4,"minecraft:eat_cake_slice":3,"minecraft:leave_game":9,"minecraft:time_since_death":109243,"minecraft:climb_one_cm":1539,"minecraft:sprint_one_cm":226977,"minecraft:walk_one_cm":566114,"minecraft:drop":67,"minecraft:talked_to_villager":1,"minecraft:play_time":240313,"minecraft:deaths":4,"minecraft:sneak_time":15993,"minecraft:walk_under_water_one_cm":9972,"minecraft:jump":3532,"minecraft:walk_on_water_one_cm":8955,"minecraft:total_world_time":240313,"minecraft:interact_with_furnace":27,"minecraft:interact_with_loom":2,"minecraft:sleep_in_bed":4,"minecraft:waystone_activated":3,"minecraft:time_since_rest":220,"minecraft:damage_taken":7391,"minecraft:damage_dealt":5247,"minecraft:player_kills":1,"minecraft:swim_one_cm":15012,"minecraft:fly_one_cm":686553,"minecraft:open_chest":19,"minecraft:crouch_one_cm":32249,"tombstone:undead_killed":6,"minecraft:inspect_dispenser":1,"minecraft:interact_with_smoker":17,"minecraft:fall_one_cm":95786},"minecraft:mined":{"create:zinc_ore":4,"alexscaves:spelunkery_table":1,"create:deepslate_zinc_ore":7,"minecraft:tuff":2,"minecraft:white_bed":3,"iceandfire:silver_ore":3,"minecraft:cobblestone_stairs":2,"minecraft:cherry_log":4,"farmersdelight:wild_carrots":3,"cobblemon:apricorn_log":2,"cobblemon:big_root":7,"minecraft:granite":18,"minecraft:acacia_log":25,"minecraft:grass_block":5,"minecraft:decorated_pot":1,"minecraft:redstone_wire":28,"iceandfire:deepslate_silver_ore":1,"minecraft:moss_block":3,"minecraft:polished_blackstone_pressure_plate":1,"minecraft:tall_seagrass":2,"theurgy:deepslate_sal_ammoniac_ore":1,"minecraft:iron_ore":25,"wizards_reborn:deepslate_arcanum_ore":8,"cobblemon:pink_mint":3,"minecraft:andesite":1,"minecraft:pumpkin":21,"minecraft:peony":1,"cobblemon:medicinal_leek":9,"cobblemon:white_apricorn_sapling":1,"minecraft:bookshelf":20,"minecraft:potatoes":36,"minecraft:pointed_dripstone":5,"cobblemon:deepslate_sun_stone_ore":1,"minecraft:deepslate_iron_ore":9,"cobblemon:white_apricorn":1,"minecraft:packed_ice":1,"minecraft:bamboo":1,"minecraft:stone":172,"minecraft:bone_block":125,"betterarcheology:archeology_table":1,"cobblemon:apricorn_leaves":1,"minecraft:torch":7,"minecraft:dark_oak_wood":36,"vinery:red_grape_bush":8,"minecraft:dead_bush":3,"minecraft:copper_ore":27,"minecraft:tall_grass":11,"cobblemon:energy_root":1,"cobblemon:cyan_mint":3,"farmersdelight:wild_tomatoes":13,"theurgy:sal_ammoniac_ore":21,"minecraft:lapis_ore":1,"cobblemon:oran_berry":1,"minecraft:wall_torch":1,"minecraft:deepslate_copper_ore":1,"minecraft:pink_petals":2,"minecraft:spruce_stairs":1,"minecraft:repeater":32,"forbidden_arcanus:xpetrified_ore":2,"cobblemon:bluk_berry":3,"cobblemon:red_mint":3,"minecraft:wheat":18,"minecraft:spruce_log":6,"cobblemon:persim_berry":5,"minecraft:grass":76,"minecraft:coal_ore":93,"minecraft:oak_log":37,"cobblemon:white_mint":3,"minecraft:beetroots":17,"minecraft:dirt":6,"minecraft:red_mushroom_block":2,"minecraft:deepslate":4,"minecraft:oak_leaves":4,"minecraft:redstone_lamp":2,"minecraft:fern":2},"minecraft:used":{"minecraft:beetroot":18,"minecraft:stone_sword":33,"minecraft:chest":2,"minecraft:iron_sword":92,"minecraft:cooked_chicken":1,"minecraft:rotten_flesh":2,"minecraft:torch":11,"minecraft:dirt":29,"farmersdelight:tomato":4,"minecraft:iron_helmet":1,"onlyhammersandexcavators:stone_hammer":58,"cobblemon:pc":1,"minecraft:redstone_lamp":2,"minecraft:furnace":2,"comforts:sleeping_bag_white":1,"tombstone:gift":2,"minecraft:cooked_beef":4,"minecraft:potato":44,"minecraft:cobblestone_stairs":2,"minecraft:stone_pickaxe":231,"minecraft:baked_potato":24,"minecraft:wooden_pickaxe":25,"minecraft:cookie":7,"minecraft:crafting_table":8,"cobblemon:white_apricorn_seed":1,"minecraft:white_bed":3,"waystones:waystone":1,"cobblemon:green_apricorn_seed":1,"minecraft:apple":1,"cobblemon:apricorn_log":2,"minecraft:bread":6,"minecraft:iron_pickaxe":267,"shroom_dealers:cooked_bay_bolete":2,"minecraft:stone_axe":231,"minecraft:cobblestone":53,"minecraft:cooked_porkchop":3,"minecraft:cooked_rabbit":1,"minecraft:bone_meal":25,"vinery:red_grape_seeds":1},"minecraft:killed":{"minecraft:skeleton":1,"minecraft:chicken":2,"shroom_dealers:toadstool_dealer":1,"minecraft:pig":2,"shroom_dealers:swampy_glooper":1,"minecraft:squid":4,"minecraft:sheep":5,"minecraft:zombie":3,"grimoireofgaia:deathword":1,"grimoireofgaia:harpy":1,"shroom_dealers:swampy_gloop":1,"minecraft:cow":10},"minecraft:killed_by":{"minecraft:player":1,"minecraft:zombie":1},"minecraft:picked_up":{"iceandfire:dragon_skull_lightning":2,"minecraft:charcoal":6,"vinery:red_grape":9,"minecraft:wheat":25,"minecraft:chicken":10,"minecraft:clay_ball":1,"minecraft:redstone_lamp":2,"minecraft:wooden_pickaxe":1,"vinery:red_grape_seeds":43,"minecraft:cooked_rabbit":1,"tombstone:grave_key":2,"minecraft:brick":4,"cobblemon:cyan_mint_seeds":3,"cobblemon:wepear_berry":22,"forbidden_arcanus:xpetrified_orb":2,"minecraft:string":3,"minecraft:raw_copper":96,"cobblemon:white_mint_leaf":16,"minecraft:item_frame":2,"cobblemon:white_apricorn":9,"minecraft:armor_stand":1,"sushigocrafting:sesame_seeds":3,"minecraft:beetroot":18,"comforts:sleeping_bag_white":1,"minecraft:cobbled_deepslate":114,"cobblemon:green_apricorn":12,"cobblemon:white_apricorn_seed":2,"minecraft:spruce_planks":20,"minecraft:beef":21,"cobblemon:oran_berry":24,"minecraft:iron_nugget":1,"dynamictrees:oak_seed":66,"cobblemon:big_root":7,"cobblemon:green_apricorn_seed":2,"knightlib:small_essence":2,"cobblemon:red_mint_leaf":14,"cobblemon:cyan_mint_leaf":8,"minecraft:raw_iron":33,"minecraft:stick":331,"iceandfire:dragonbone":22,"wizards_reborn:arcanum":8,"cobblemon:apricorn_log":2,"shroom_dealers:cooked_bay_bolete":2,"forbidden_arcanus:tentacle":1,"minecraft:torch":9,"minecraft:acacia_log":112,"minecraft:porkchop":10,"farmersdelight:tomato_seeds":13,"cobblemon:white_mint_seeds":3,"minecraft:cherry_log":48,"minecraft:pointed_dripstone":9,"minecraft:carrot":3,"minecraft:redstone":28,"minecraft:arrow":5,"minecraft:rotten_flesh":6,"minecraft:beetroot_seeds":53,"cobblemon:pink_mint_leaf":12,"alexscaves:spelunkery_table":1,"cobblemon:green_mint_seeds":1,"minecraft:mutton":7,"minecraft:bone_block":124,"minecraft:white_wool":9,"minecraft:cobblestone":281,"minecraft:birch_log":40,"minecraft:pink_petals":7,"minecraft:feather":10,"minecraft:cooked_beef":4,"sushigocrafting:rice_seeds":2,"minecraft:repeater":32,"minecraft:andesite":1,"minecraft:leather":12,"minecraft:brown_wool":1,"minecraft:red_mushroom":2,"minecraft:potato":126,"minecraft:oak_log":256,"minecraft:tuff":4,"create:raw_zinc":11,"cobblemon:bluk_berry":38,"minecraft:cobblestone_stairs":66,"farmersdelight:tomato":4,"minecraft:lapis_lazuli":8,"minecraft:dirt":65,"sushigocrafting:wasabi_seeds":2,"minecraft:bone":1,"minecraft:acacia_planks":1,"minecraft:apple":2,"theurgy:sal_ammoniac_crystal":22,"minecraft:wheat_seeds":51,"betterarcheology:archeology_table":1,"minecraft:rabbit_hide":1,"dynamictrees:birch_seed":24,"cobblemon:pink_mint_seeds":5,"minecraft:stone_pickaxe":1,"minecraft:rabbit":1,"minecraft:bamboo":14,"minecraft:moss_block":1,"minecraft:iron_sword":1,"minecraft:book":60,"cobblemon:sun_stone":1,"minecraft:pumpkin":21,"car:canola_seeds":3,"sushigocrafting:cucumber_seeds":1,"minecraft:poisonous_potato":1,"minecraft:dripstone_block":6,"vinery:white_grape":6,"cobblemon:cheri_berry":24,"cobblemon:premier_ball":6,"dynamictrees:acacia_seed":10,"cobblemon:persim_berry":26,"minecraft:ink_sac":10,"minecraft:white_bed":5,"minecraft:spruce_log":6,"travelersbackpack:standard":1,"cobblemon:red_mint_seeds":6,"cobblemon:cell_battery":1,"minecraft:stone_axe":1,"wizards_reborn:arcanum_dust":13,"waystones:waystone":1,"minecraft:granite":32,"dynamictrees:cherry_seed":13,"minecraft:baked_potato":8,"cobblemon:medicinal_leek":23,"minecraft:dark_oak_wood":36,"minecraft:coal":93,"iceandfire:raw_silver":7},"minecraft:dropped":{"farmersdelight:tomato_seeds":5,"minecraft:moss_block":1,"minecraft:wheat_seeds":1,"cobblemon:pink_mint_seeds":5,"sushigocrafting:wasabi_seeds":2,"minecraft:dripstone_block":6,"minecraft:poisonous_potato":1,"forbidden_arcanus:tentacle":1,"minecraft:feather":4,"minecraft:apple":1,"minecraft:granite":32,"minecraft:red_mushroom":2,"minecraft:stick":46,"minecraft:dirt":12,"cobblemon:white_mint_seeds":3,"minecraft:rabbit":1,"dynamictrees:cherry_seed":13,"minecraft:pink_petals":7,"minecraft:acacia_planks":2,"cobblemon:red_mint_seeds":6,"minecraft:bone":1,"car:canola_seeds":3,"cobblemon:wepear_berry":22,"minecraft:iron_nugget":1,"minecraft:stone_sword":1,"sushigocrafting:cucumber_seeds":1,"minecraft:tuff":4,"minecraft:raw_iron":2,"cobblemon:cheri_berry":1,"minecraft:rotten_flesh":4,"minecraft:clay_ball":1,"sushigocrafting:rice_seeds":2,"minecraft:white_bed":1,"sushigocrafting:sesame_seeds":3,"vinery:white_grape":2,"cobblemon:green_mint_seeds":1,"minecraft:potato":1,"minecraft:charcoal":2,"minecraft:andesite":1,"minecraft:arrow":1,"minecraft:stone_pickaxe":1,"minecraft:wooden_pickaxe":3,"minecraft:brick":4}},"DataVersion":3465}