{"stats":{"minecraft:broken":{"minecraft:stone_axe":2,"onlyhammersandexcavators:stone_hammer":1,"minecraft:iron_pickaxe":1},"minecraft:crafted":{"minecraft:oak_planks":20,"minecraft:cooked_chicken":1,"minecraft:chest":2,"onlyhammersandexcavators:stone_hammer":3,"minecraft:cooked_porkchop":3,"minecraft:crafting_table":10,"minecraft:spruce_planks":24,"minecraft:wooden_pickaxe":2,"minecraft:baked_potato":53,"minecraft:iron_helmet":1,"minecraft:copper_ingot":17,"minecraft:birch_planks":16,"minecraft:iron_chestplate":1,"minecraft:stick":28,"minecraft:iron_pickaxe":1,"minecraft:iron_ingot":27,"minecraft:stone_sword":1,"cobblemon:exp_share":1,"comforts:sleeping_bag_white":1,"minecraft:furnace":3,"minecraft:bone_meal":540,"cobblemon:premier_ball":32,"minecraft:stone_pickaxe":4,"minecraft:cooked_beef":18,"paraglider:paraglider":1,"minecraft:iron_sword":1,"minecraft:stone_axe":3,"minecraft:bread":3,"minecraft:air":0,"minecraft:iron_leggings":1,"minecraft:white_bed":1,"minecraft:acacia_planks":88,"minecraft:torch":12},"minecraft:custom":{"minecraft:interact_with_crafting_table":39,"minecraft:open_barrel":4,"minecraft:eat_cake_slice":3,"minecraft:leave_game":9,"minecraft:time_since_death":157243,"minecraft:sprint_one_cm":291536,"minecraft:drop":125,"minecraft:talked_to_villager":1,"minecraft:play_time":288313,"minecraft:deaths":4,"minecraft:jump":4122,"minecraft:walk_on_water_one_cm":11218,"minecraft:interact_with_furnace":32,"minecraft:interact_with_loom":2,"minecraft:sleep_in_bed":7,"minecraft:waystone_activated":3,"minecraft:damage_dealt":6406,"minecraft:player_kills":1,"minecraft:crouch_one_cm":33303,"tombstone:undead_killed":7,"minecraft:interact_with_smoker":22,"minecraft:inspect_dispenser":1,"minecraft:mob_kills":36,"minecraft:climb_one_cm":1539,"minecraft:walk_one_cm":680258,"minecraft:sneak_time":16883,"minecraft:walk_under_water_one_cm":9972,"minecraft:interact_with_blast_furnace":2,"minecraft:total_world_time":288313,"minecraft:time_since_rest":7020,"minecraft:damage_taken":8638,"minecraft:swim_one_cm":15012,"minecraft:fly_one_cm":787604,"minecraft:open_chest":33,"minecraft:fall_one_cm":108619},"minecraft:mined":{"create:deepslate_zinc_ore":7,"minecraft:white_bed":3,"minecraft:cherry_log":4,"minecraft:cobblestone_stairs":2,"cobblemon:big_root":7,"cobblemon:apricorn_log":2,"minecraft:granite":120,"minecraft:acacia_log":25,"minecraft:grass_block":7,"minecraft:polished_blackstone_pressure_plate":1,"theurgy:deepslate_sal_ammoniac_ore":1,"minecraft:tall_seagrass":2,"minecraft:iron_ore":38,"minecraft:pumpkin":21,"cobblemon:medicinal_leek":9,"cobblemon:white_apricorn_sapling":1,"minecraft:pointed_dripstone":5,"cobblemon:deepslate_sun_stone_ore":1,"cobblemon:white_apricorn":1,"create:limestone":103,"minecraft:torch":15,"cobblemon:apricorn_leaves":1,"wizards_reborn:arcanum_ore":1,"minecraft:dark_oak_wood":36,"vinery:red_grape_bush":8,"minecraft:calcite":3,"create:scoria":3,"minecraft:dead_bush":3,"cobblemon:energy_root":1,"minecraft:wall_torch":2,"minecraft:deepslate_copper_ore":1,"minecraft:pink_petals":2,"minecraft:repeater":32,"cobblemon:red_mint":3,"cobblemon:bluk_berry":3,"minecraft:wheat":18,"cobblemon:persim_berry":5,"minecraft:grass":80,"minecraft:oak_log":37,"minecraft:beetroots":17,"cobblemon:white_mint":3,"minecraft:dirt":10,"minecraft:red_mushroom_block":2,"minecraft:oak_leaves":4,"minecraft:deepslate":34,"minecraft:redstone_lamp":2,"create:zinc_ore":4,"alexscaves:spelunkery_table":1,"minecraft:tuff":3,"iceandfire:silver_ore":4,"farmersdelight:wild_carrots":3,"minecraft:decorated_pot":1,"minecraft:redstone_wire":28,"iceandfire:deepslate_silver_ore":1,"minecraft:moss_block":3,"wizards_reborn:deepslate_arcanum_ore":8,"cobblemon:pink_mint":3,"minecraft:andesite":54,"minecraft:peony":1,"minecraft:bookshelf":20,"minecraft:potatoes":87,"minecraft:deepslate_iron_ore":12,"minecraft:packed_ice":1,"minecraft:bamboo":1,"minecraft:stone":502,"minecraft:bone_block":125,"betterarcheology:archeology_table":1,"cobblemon:cyan_mint":3,"minecraft:tall_grass":12,"minecraft:copper_ore":33,"minecraft:deepslate_gold_ore":1,"minecraft:lapis_ore":1,"theurgy:sal_ammoniac_ore":21,"farmersdelight:wild_tomatoes":13,"cobblemon:oran_berry":1,"minecraft:diorite":49,"minecraft:spruce_stairs":1,"forbidden_arcanus:xpetrified_ore":2,"minecraft:spruce_log":6,"minecraft:coal_ore":101,"minecraft:gravel":23,"minecraft:fern":2},"minecraft:used":{"minecraft:beetroot":18,"minecraft:chest":2,"minecraft:iron_sword":125,"minecraft:rotten_flesh":2,"shroom_dealers:cooked_toadstool":1,"farmersdelight:tomato":4,"minecraft:iron_helmet":1,"onlyhammersandexcavators:stone_hammer":809,"vinery:savanna_grapes_red":1,"minecraft:redstone_lamp":2,"minecraft:furnace":3,"minecraft:potato":190,"minecraft:stone_pickaxe":265,"minecraft:wooden_pickaxe":25,"minecraft:cookie":7,"waystones:waystone":1,"cobblemon:green_apricorn_seed":1,"cobblemon:apricorn_log":2,"minecraft:bread":13,"minecraft:cooked_rabbit":1,"minecraft:bone_meal":540,"create:limestone":5,"minecraft:stone_sword":33,"minecraft:cooked_chicken":1,"minecraft:torch":27,"minecraft:dirt":29,"cobblemon:pc":1,"minecraft:bamboo":14,"tombstone:gift":2,"comforts:sleeping_bag_white":4,"minecraft:cooked_beef":7,"minecraft:calcite":1,"minecraft:cobblestone_stairs":2,"minecraft:baked_potato":32,"minecraft:crafting_table":10,"minecraft:white_bed":3,"cobblemon:white_apricorn_seed":4,"minecraft:apple":1,"minecraft:iron_pickaxe":268,"minecraft:stone_axe":231,"shroom_dealers:cooked_bay_bolete":2,"minecraft:cobblestone":57,"minecraft:cooked_porkchop":3,"vinery:red_grape_seeds":1},"minecraft:killed_by":{"minecraft:zombie":1,"minecraft:player":1},"minecraft:killed":{"grimoireofgaia:minotaurus":1,"minecraft:skeleton":2,"minecraft:chicken":2,"shroom_dealers:toadstool_dealer":1,"minecraft:pig":2,"shroom_dealers:swampy_glooper":1,"minecraft:creeper":1,"minecraft:sheep":5,"minecraft:zombie":3,"grimoireofgaia:deathword":1,"grimoireofgaia:harpy":1,"shroom_dealers:swampy_gloop":1,"minecraft:cow":11,"minecraft:squid":4},"minecraft:picked_up":{"minecraft:wheat":25,"vinery:red_grape":9,"vinery:red_grape_seeds":43,"tombstone:grave_key":2,"cobblemon:wepear_berry":48,"forbidden_arcanus:xpetrified_orb":2,"minecraft:string":3,"minecraft:raw_copper":120,"create:limestone":74,"minecraft:armor_stand":1,"vinery:savanna_grapes_red":1,"sushigocrafting:sesame_seeds":3,"minecraft:beetroot":18,"minecraft:cobbled_deepslate":141,"cobblemon:white_apricorn_seed":5,"comforts:sleeping_bag_white":4,"minecraft:spruce_planks":20,"cobblemon:oran_berry":24,"minecraft:calcite":1,"dynamictrees:oak_seed":66,"cobblemon:big_root":7,"cobblemon:red_mint_leaf":14,"cobblemon:cyan_mint_leaf":8,"cobblemon:apricorn_log":2,"minecraft:stick":331,"forbidden_arcanus:tentacle":1,"minecraft:torch":18,"minecraft:acacia_log":112,"minecraft:porkchop":10,"cobblemon:white_mint_seeds":3,"minecraft:cherry_log":48,"minecraft:pointed_dripstone":9,"tombstone:grave_dust":2,"minecraft:diorite":117,"minecraft:rotten_flesh":8,"cobblemon:green_mint_seeds":1,"minecraft:cobblestone":513,"minecraft:birch_log":40,"minecraft:pink_petals":7,"minecraft:feather":10,"minecraft:cooked_beef":4,"minecraft:repeater":32,"minecraft:andesite":54,"minecraft:brown_wool":1,"minecraft:potato":411,"minecraft:flint":3,"minecraft:tuff":8,"create:raw_zinc":11,"cobblemon:bluk_berry":38,"minecraft:dirt":71,"minecraft:lapis_lazuli":8,"farmersdelight:tomato":4,"minecraft:bone":3,"sushigocrafting:wasabi_seeds":6,"minecraft:acacia_planks":1,"theurgy:sal_ammoniac_crystal":22,"minecraft:wheat_seeds":55,"betterarcheology:archeology_table":1,"minecraft:raw_gold":1,"minecraft:rabbit":1,"minecraft:bamboo":14,"minecraft:moss_block":1,"cobblemon:sun_stone":1,"car:canola_seeds":3,"minecraft:poisonous_potato":1,"vinery:white_grape":6,"dynamictrees:acacia_seed":10,"cobblemon:persim_berry":26,"minecraft:ink_sac":10,"cobblemon:red_mint_seeds":6,"cobblemon:cell_battery":1,"waystones:waystone":1,"minecraft:granite":152,"cobblemon:medicinal_leek":23,"iceandfire:raw_silver":8,"iceandfire:dragon_skull_lightning":2,"minecraft:charcoal":6,"minecraft:chicken":10,"minecraft:clay_ball":1,"minecraft:redstone_lamp":2,"minecraft:wooden_pickaxe":1,"minecraft:cooked_rabbit":1,"minecraft:brick":4,"cobblemon:cyan_mint_seeds":3,"cobblemon:white_mint_leaf":16,"cobblemon:white_apricorn":34,"minecraft:item_frame":2,"cobblemon:green_apricorn":12,"minecraft:beef":21,"minecraft:iron_nugget":1,"cobblemon:green_apricorn_seed":2,"knightlib:small_essence":2,"minecraft:raw_iron":49,"wizards_reborn:arcanum":9,"iceandfire:dragonbone":22,"shroom_dealers:cooked_bay_bolete":2,"farmersdelight:tomato_seeds":13,"minecraft:carrot":3,"minecraft:redstone":28,"minecraft:arrow":5,"minecraft:beetroot_seeds":53,"cobblemon:pink_mint_leaf":12,"alexscaves:spelunkery_table":1,"minecraft:gold_ingot":3,"minecraft:mutton":7,"minecraft:white_wool":9,"minecraft:bone_block":124,"sushigocrafting:rice_seeds":2,"minecraft:leather":13,"minecraft:red_mushroom":2,"minecraft:oak_log":256,"minecraft:cobblestone_stairs":66,"minecraft:apple":2,"minecraft:stone_pickaxe":1,"minecraft:rabbit_hide":1,"cobblemon:pink_mint_seeds":5,"dynamictrees:birch_seed":24,"minecraft:iron_sword":1,"minecraft:book":60,"minecraft:pumpkin":21,"sushigocrafting:cucumber_seeds":1,"minecraft:dripstone_block":6,"minecraft:gravel":20,"cobblemon:cheri_berry":24,"cobblemon:premier_ball":6,"minecraft:amethyst_shard":2,"minecraft:white_bed":5,"minecraft:spruce_log":6,"travelersbackpack:standard":1,"minecraft:stone_axe":1,"wizards_reborn:arcanum_dust":13,"dynamictrees:cherry_seed":13,"minecraft:baked_potato":8,"minecraft:dark_oak_wood":36,"minecraft:coal":93},"minecraft:dropped":{"minecraft:moss_block":1,"minecraft:lapis_lazuli":2,"cobblemon:pink_mint_seeds":5,"minecraft:red_mushroom":2,"minecraft:dirt":18,"cobblemon:red_mint_seeds":6,"minecraft:bone":1,"minecraft:gravel":20,"minecraft:iron_nugget":1,"minecraft:cobbled_deepslate":27,"cobblemon:cheri_berry":1,"minecraft:rotten_flesh":6,"minecraft:white_bed":1,"sushigocrafting:sesame_seeds":3,"minecraft:charcoal":2,"create:limestone":14,"minecraft:arrow":1,"farmersdelight:tomato_seeds":5,"minecraft:wheat_seeds":5,"sushigocrafting:wasabi_seeds":6,"minecraft:dripstone_block":6,"minecraft:poisonous_potato":1,"forbidden_arcanus:tentacle":1,"minecraft:feather":4,"minecraft:cobblestone":31,"minecraft:apple":1,"minecraft:granite":89,"minecraft:stick":110,"minecraft:diorite":78,"cobblemon:white_mint_seeds":3,"minecraft:rabbit":1,"dynamictrees:cherry_seed":13,"minecraft:pink_petals":7,"minecraft:acacia_planks":2,"vinery:savanna_grape_seeds_red":1,"car:canola_seeds":3,"cobblemon:wepear_berry":22,"minecraft:stone_sword":1,"sushigocrafting:cucumber_seeds":1,"minecraft:tuff":8,"minecraft:raw_iron":2,"minecraft:clay_ball":1,"sushigocrafting:rice_seeds":2,"vinery:white_grape":2,"cobblemon:green_mint_seeds":1,"minecraft:potato":2,"minecraft:andesite":38,"minecraft:stone_pickaxe":1,"minecraft:wooden_pickaxe":3,"minecraft:brick":4}},"DataVersion":3465}