{"stats":{"minecraft:killed":{"minecraft:zombie":1},"minecraft:custom":{"minecraft:time_since_rest":5774,"minecraft:sprint_one_cm":2319,"minecraft:play_time":16324,"minecraft:damage_taken":410,"minecraft:deaths":2,"minecraft:walk_one_cm":6991,"minecraft:sneak_time":36,"minecraft:mob_kills":1,"minecraft:jump":88,"minecraft:damage_dealt":240,"minecraft:leave_game":7,"minecraft:time_since_death":5772,"minecraft:total_world_time":16324,"minecraft:interact_with_crafting_table":3,"minecraft:fall_one_cm":5724,"minecraft:fly_one_cm":20304},"minecraft:crafted":{"minecraft:diamond_sword":1,"minecraft:diamond_pickaxe":1,"minecraft:crafting_table":1,"minecraft:diamond_axe":1,"minecraft:stick":8},"minecraft:picked_up":{"minecraft:crafting_table":1,"minecraft:rotten_flesh":2,"minecraft:wheat_seeds":1,"minecraft:dirt":16},"minecraft:mined":{"minecraft:grass":5,"minecraft:jungle_leaves":1,"minecraft:fern":1},"minecraft:used":{"minecraft:creeper_spawn_egg":1,"minecraft:wheat_seeds":4,"minecraft:diamond_sword":4,"minecraft:flint_and_steel":2,"minecraft:tnt":1,"minecraft:crafting_table":1,"minecraft:netherite_hoe":4,"minecraft:obsidian":24}},"DataVersion":3120}