{"stats":{"minecraft:dropped":{"minecraft:wheat_seeds":1,"minecraft:arrow":1,"minecraft:stick":2},"minecraft:picked_up":{"minecraft:stick":65,"minecraft:crafting_table":65,"minecraft:dirt":16,"minecraft:arrow":1,"minecraft:rotten_flesh":2,"minecraft:diamond":64,"minecraft:wheat_seeds":3,"minecraft:obsidian":1},"minecraft:mined":{"minecraft:jungle_leaves":1,"minecraft:grass":12,"minecraft:fern":5},"minecraft:killed":{"minecraft:zombie":1},"minecraft:used":{"minecraft:creeper_spawn_egg":1,"minecraft:wheat_seeds":4,"minecraft:ender_eye":45,"minecraft:flint_and_steel":3,"minecraft:ender_pearl":1,"minecraft:netherite_hoe":4,"minecraft:golden_apple":3,"minecraft:diamond_sword":4,"minecraft:tnt":1,"minecraft:crafting_table":2,"minecraft:end_portal_frame":41,"minecraft:obsidian":24},"minecraft:killed_by":{"minecraft:skeleton":1,"minecraft:creeper":1},"minecraft:crafted":{"minecraft:diamond_sword":1,"minecraft:diamond_pickaxe":1,"minecraft:diamond_axe":1,"minecraft:crafting_table":1,"minecraft:stick":8},"minecraft:custom":{"minecraft:time_since_rest":125,"minecraft:damage_absorbed":20,"minecraft:sprint_one_cm":53196,"minecraft:walk_one_cm":80796,"minecraft:damage_taken":980,"minecraft:mob_kills":1,"minecraft:drop":4,"minecraft:damage_dealt":258,"minecraft:swim_one_cm":48,"minecraft:interact_with_crafting_table":14,"minecraft:fly_one_cm":514406,"minecraft:crouch_one_cm":4218,"minecraft:play_time":192106,"minecraft:deaths":23,"minecraft:sneak_time":1831,"minecraft:walk_under_water_one_cm":2684,"minecraft:jump":1070,"minecraft:leave_game":34,"minecraft:walk_on_water_one_cm":393,"minecraft:time_since_death":123,"minecraft:climb_one_cm":1459,"minecraft:total_world_time":192106,"minecraft:fall_one_cm":30115}},"DataVersion":3465}