{"stats":{"minecraft:crafted":{"minecraft:raw_iron":9,"comforts:sleeping_bag_white":1,"minecraft:furnace":2,"cobblemon:premier_ball":12,"minecraft:glass":26,"minecraft:stone_pickaxe":1,"minecraft:chest":1,"minecraft:cooked_porkchop":5,"minecraft:crafting_table":2,"travelersbackpack:backpack_tank":2,"minecraft:wooden_pickaxe":1,"travelersbackpack:standard":1,"minecraft:copper_ingot":9,"minecraft:stone_axe":1,"minecraft:air":0,"cobblemon:poke_ball":4,"minecraft:wooden_hoe":1,"minecraft:iron_chestplate":1,"minecraft:iron_ingot":10,"minecraft:wooden_axe":1,"minecraft:acacia_planks":52,"minecraft:torch":8},"minecraft:custom":{"minecraft:mob_kills":17,"minecraft:interact_with_crafting_table":22,"minecraft:open_barrel":4,"minecraft:leave_game":4,"minecraft:time_since_death":100675,"minecraft:climb_one_cm":7018,"minecraft:sprint_one_cm":364132,"minecraft:walk_one_cm":242781,"minecraft:drop":63,"minecraft:talked_to_villager":3,"minecraft:play_time":112224,"minecraft:deaths":1,"minecraft:sneak_time":1592,"minecraft:walk_under_water_one_cm":6370,"tombstone:tomb_raiding":1,"minecraft:jump":2478,"minecraft:walk_on_water_one_cm":7924,"minecraft:total_world_time":112224,"minecraft:interact_with_furnace":18,"minecraft:sleep_in_bed":3,"minecraft:time_since_rest":8840,"minecraft:waystone_activated":3,"minecraft:damage_taken":1242,"minecraft:damage_dealt":2531,"minecraft:swim_one_cm":27756,"minecraft:fly_one_cm":557857,"minecraft:open_chest":40,"minecraft:crouch_one_cm":4802,"minecraft:fall_one_cm":63098},"minecraft:mined":{"iceandfire:lightning_lily":1,"minecraft:white_bed":3,"iceandfire:silver_ore":4,"cobblemon:dawn_stone_ore":1,"minecraft:cobblestone_stairs":1,"cobblemon:apricorn_log":1,"minecraft:grass_block":2,"dynamictrees:oak_leaves":1,"minecraft:raw_iron_block":1,"minecraft:furnace":1,"dynamictrees:spruce_leaves":1,"minecraft:stone":54,"minecraft:powder_snow":6,"minecraft:crafting_table":8,"cobblemon:apricorn_leaves":66,"dynamictrees:acacia_leaves":2,"minecraft:copper_ore":11,"minecraft:tall_grass":5,"cobblemon:persim_berry":1,"minecraft:grass":15,"minecraft:coal_ore":14,"minecraft:dirt":3,"minecraft:sand":26},"minecraft:used":{"minecraft:iron_sword":77,"minecraft:iron_chestplate":1,"minecraft:torch":8,"minecraft:dirt":5,"minecraft:mutton":2,"minecraft:wooden_axe":17,"minecraft:iron_axe":25,"minecraft:furnace":2,"tombstone:gift":4,"minecraft:cooked_beef":1,"minecraft:stone_pickaxe":67,"minecraft:wooden_pickaxe":27,"minecraft:crafting_table":9,"minecraft:white_bed":2,"minecraft:wooden_hoe":16,"chalk:light_gray_chalk":1,"minecraft:chicken":2,"minecraft:bread":17,"minecraft:stone_axe":5,"minecraft:cobblestone":14,"travelersbackpack:standard":1,"minecraft:cooked_porkchop":6},"minecraft:killed":{"minecraft:horse":4,"minecraft:pig":5,"cobblemon:pokemon":2,"minecraft:creeper":1,"minecraft:sheep":4,"minecraft:donkey":1},"minecraft:killed_by":{"minecraft:player":1},"minecraft:picked_up":{"minecraft:crafting_table":8,"minecraft:chicken":2,"cobblemon:yellow_apricorn":4,"cobblemon:red_apricorn":7,"minecraft:string":2,"minecraft:raw_copper":41,"minecraft:iron_axe":1,"minecraft:iron_leggings":1,"cobblemon:white_apricorn":12,"minecraft:oak_sign":1,"cobblemon:white_apricorn_seed":1,"minecraft:iron_nugget":1,"minecraft:iron_boots":1,"minecraft:furnace":1,"knightlib:small_essence":1,"minecraft:stick":22,"minecraft:raw_iron":1,"minecraft:acacia_log":13,"minecraft:porkchop":13,"tombstone:grave_dust":3,"cobblemon:dawn_stone":1,"minecraft:mutton":11,"minecraft:white_wool":7,"minecraft:cobblestone":54,"minecraft:pink_petals":6,"minecraft:cooked_beef":1,"sushigocrafting:rice_seeds":1,"minecraft:leather":4,"cobblemon:pinap_berry":16,"minecraft:potato":4,"minecraft:cobblestone_stairs":1,"minecraft:dirt":5,"tombstone:gift":1,"minecraft:wheat_seeds":8,"minecraft:iron_ingot":2,"minecraft:stone_pickaxe":1,"minecraft:iron_sword":1,"cobblemon:chilan_berry":4,"minecraft:cooked_porkchop":1,"cobblemon:pecha_berry":6,"sushigocrafting:cucumber_seeds":1,"minecraft:raw_iron_block":1,"cobblemon:cheri_berry":6,"cobblemon:premier_ball":6,"minecraft:sand":26,"dynamictrees:acacia_seed":9,"cobblemon:persim_berry":23,"cobblemon:pink_apricorn":3,"minecraft:white_bed":3,"cobblemon:poke_ball":1,"minecraft:coal":16,"iceandfire:raw_silver":4},"minecraft:dropped":{"iceandfire:raw_silver":7,"minecraft:wheat_seeds":8,"minecraft:cherry_log":16,"chalk:yellow_chalk":2,"minecraft:oak_log":64,"minecraft:feather":1,"cobblemon:green_apricorn_seed":1,"minecraft:cobblestone":64,"cobblemon:oran_berry":5,"minecraft:cobblestone_stairs":1,"minecraft:stick":129,"minecraft:dirt":12,"cobblemon:white_apricorn":1,"minecraft:mutton":5,"minecraft:wooden_axe":1,"chalk:light_gray_chalk":2,"cobblemon:green_apricorn":6,"tombstone:grave_dust":5,"minecraft:string":2,"minecraft:pink_petals":6,"minecraft:white_wool":2,"iceandfire:dragonbone":11,"vinery:red_grape_seeds":21,"minecraft:stone_axe":2,"minecraft:iron_nugget":1,"sushigocrafting:cucumber_seeds":1,"cobblemon:pink_mint_leaf":6,"minecraft:chicken":2,"sushigocrafting:rice_seeds":1,"minecraft:white_bed":1,"minecraft:oak_sign":1,"cobblemon:white_mint_leaf":8,"cobblemon:bluk_berry":19,"minecraft:potato":3,"cobblemon:white_apricorn_seed":1,"minecraft:spruce_planks":20,"minecraft:charcoal":2,"cobblemon:red_mint_leaf":7,"minecraft:arrow":2,"minecraft:stone_pickaxe":3,"minecraft:wooden_pickaxe":1,"iceandfire:dragon_skull_lightning":1}},"DataVersion":3465}