{"stats":{"minecraft:crafted":{"minecraft:raw_iron":9,"minecraft:cooked_porkchop":5,"minecraft:crafting_table":2,"minecraft:wooden_pickaxe":1,"minecraft:furnace":1,"minecraft:copper_ingot":9,"minecraft:stone_axe":1,"minecraft:air":0,"cobblemon:poke_ball":4,"minecraft:iron_chestplate":1,"minecraft:iron_ingot":10,"minecraft:stone_pickaxe":1,"minecraft:wooden_axe":1,"minecraft:acacia_planks":52},"minecraft:custom":{"minecraft:interact_with_furnace":12,"minecraft:mob_kills":5,"minecraft:interact_with_crafting_table":9,"minecraft:open_barrel":4,"minecraft:leave_game":4,"minecraft:time_since_death":64675,"minecraft:sleep_in_bed":2,"minecraft:climb_one_cm":2274,"minecraft:time_since_rest":220,"minecraft:waystone_activated":2,"minecraft:sprint_one_cm":249997,"minecraft:damage_taken":1122,"minecraft:walk_one_cm":178916,"minecraft:drop":54,"minecraft:damage_dealt":651,"minecraft:talked_to_villager":3,"minecraft:swim_one_cm":24097,"minecraft:fly_one_cm":358780,"minecraft:open_chest":39,"minecraft:crouch_one_cm":4575,"minecraft:play_time":76224,"minecraft:deaths":1,"minecraft:sneak_time":1557,"minecraft:walk_under_water_one_cm":6126,"tombstone:tomb_raiding":1,"minecraft:jump":1684,"minecraft:walk_on_water_one_cm":7024,"minecraft:total_world_time":76224,"minecraft:fall_one_cm":42116},"minecraft:mined":{"iceandfire:lightning_lily":1,"minecraft:white_bed":2,"iceandfire:silver_ore":4,"minecraft:cobblestone_stairs":1,"cobblemon:dawn_stone_ore":1,"minecraft:powder_snow":6,"minecraft:crafting_table":4,"dynamictrees:acacia_leaves":2,"minecraft:grass_block":2,"minecraft:tall_grass":3,"minecraft:copper_ore":11,"dynamictrees:oak_leaves":1,"minecraft:raw_iron_block":1,"cobblemon:persim_berry":1,"dynamictrees:spruce_leaves":1,"minecraft:grass":9,"minecraft:coal_ore":14,"minecraft:dirt":3,"minecraft:stone":38},"minecraft:used":{"minecraft:stone_pickaxe":50,"minecraft:wooden_pickaxe":27,"minecraft:iron_chestplate":1,"minecraft:dirt":5,"minecraft:mutton":2,"minecraft:crafting_table":5,"minecraft:white_bed":1,"minecraft:wooden_axe":17,"chalk:light_gray_chalk":1,"minecraft:iron_axe":4,"minecraft:chicken":2,"minecraft:bread":11,"minecraft:stone_axe":5,"minecraft:cobblestone":14,"minecraft:furnace":1,"minecraft:cooked_porkchop":6,"tombstone:gift":4,"minecraft:cooked_beef":1},"minecraft:killed_by":{"minecraft:player":1},"minecraft:killed":{"minecraft:pig":2,"minecraft:sheep":3},"minecraft:picked_up":{"minecraft:pink_petals":6,"minecraft:crafting_table":4,"sushigocrafting:rice_seeds":1,"minecraft:cooked_beef":1,"minecraft:chicken":2,"cobblemon:red_apricorn":7,"cobblemon:pinap_berry":16,"minecraft:potato":4,"minecraft:cobblestone_stairs":1,"minecraft:string":2,"minecraft:iron_axe":1,"minecraft:dirt":5,"tombstone:gift":1,"minecraft:raw_copper":41,"minecraft:iron_leggings":1,"cobblemon:white_apricorn":3,"minecraft:oak_sign":1,"minecraft:wheat_seeds":8,"minecraft:iron_ingot":2,"minecraft:stone_pickaxe":1,"minecraft:iron_nugget":1,"minecraft:iron_sword":1,"minecraft:iron_boots":1,"cobblemon:chilan_berry":4,"minecraft:raw_iron":1,"minecraft:stick":22,"minecraft:cooked_porkchop":1,"minecraft:acacia_log":13,"minecraft:raw_iron_block":1,"sushigocrafting:cucumber_seeds":1,"cobblemon:pecha_berry":6,"cobblemon:premier_ball":6,"minecraft:porkchop":5,"dynamictrees:acacia_seed":9,"cobblemon:persim_berry":23,"tombstone:grave_dust":3,"cobblemon:pink_apricorn":3,"minecraft:white_bed":2,"cobblemon:dawn_stone":1,"cobblemon:poke_ball":1,"minecraft:mutton":6,"minecraft:coal":14,"minecraft:white_wool":3,"iceandfire:raw_silver":4,"minecraft:cobblestone":38},"minecraft:dropped":{"iceandfire:raw_silver":7,"minecraft:stone_axe":2,"minecraft:wheat_seeds":5,"minecraft:iron_nugget":1,"minecraft:cherry_log":16,"chalk:yellow_chalk":2,"minecraft:oak_log":64,"sushigocrafting:cucumber_seeds":1,"cobblemon:pink_mint_leaf":6,"minecraft:chicken":1,"cobblemon:green_apricorn_seed":1,"minecraft:feather":1,"minecraft:cobblestone":64,"sushigocrafting:rice_seeds":1,"minecraft:white_bed":1,"minecraft:oak_sign":1,"cobblemon:oran_berry":5,"cobblemon:white_mint_leaf":8,"minecraft:stick":128,"minecraft:cobblestone_stairs":1,"cobblemon:bluk_berry":19,"minecraft:dirt":12,"minecraft:potato":3,"cobblemon:white_apricorn_seed":1,"cobblemon:white_apricorn":1,"minecraft:spruce_planks":20,"minecraft:charcoal":2,"minecraft:wooden_axe":1,"chalk:light_gray_chalk":2,"tombstone:grave_dust":5,"cobblemon:green_apricorn":6,"cobblemon:red_mint_leaf":7,"minecraft:arrow":2,"minecraft:wooden_pickaxe":1,"minecraft:stone_pickaxe":2,"minecraft:string":2,"minecraft:pink_petals":6,"minecraft:white_wool":1,"iceandfire:dragon_skull_lightning":1,"iceandfire:dragonbone":11,"vinery:red_grape_seeds":21}},"DataVersion":3465}