{"stats":{"minecraft:killed":{"minecraft:sheep":1},"minecraft:crafted":{"minecraft:crafting_table":1,"minecraft:wooden_pickaxe":1,"minecraft:wooden_axe":1,"minecraft:acacia_planks":24},"minecraft:used":{"minecraft:wooden_axe":6,"minecraft:chicken":2,"minecraft:mutton":2,"minecraft:crafting_table":1},"minecraft:mined":{"minecraft:crafting_table":1,"minecraft:grass":6,"minecraft:tall_grass":1},"minecraft:picked_up":{"minecraft:pink_petals":6,"minecraft:stick":8,"minecraft:crafting_table":1,"sushigocrafting:rice_seeds":1,"minecraft:acacia_log":6,"sushigocrafting:cucumber_seeds":1,"dynamictrees:acacia_seed":5,"minecraft:wheat_seeds":1,"minecraft:mutton":2,"minecraft:white_wool":1},"minecraft:dropped":{"iceandfire:raw_silver":3,"cobblemon:bluk_berry":19,"minecraft:dirt":12,"minecraft:stone_axe":1,"cobblemon:white_apricorn_seed":1,"minecraft:wheat_seeds":1,"minecraft:cherry_log":16,"minecraft:oak_log":64,"cobblemon:white_apricorn":1,"sushigocrafting:cucumber_seeds":1,"minecraft:spruce_planks":20,"minecraft:charcoal":2,"cobblemon:pink_mint_leaf":6,"cobblemon:green_apricorn_seed":1,"cobblemon:green_apricorn":6,"minecraft:feather":1,"minecraft:cobblestone":64,"cobblemon:red_mint_leaf":7,"sushigocrafting:rice_seeds":1,"minecraft:arrow":2,"minecraft:stone_pickaxe":1,"minecraft:white_bed":1,"minecraft:pink_petals":6,"minecraft:white_wool":1,"iceandfire:dragon_skull_lightning":1,"cobblemon:oran_berry":5,"cobblemon:white_mint_leaf":8,"iceandfire:dragonbone":11,"minecraft:stick":128,"vinery:red_grape_seeds":21},"minecraft:custom":{"minecraft:time_since_rest":9146,"minecraft:sprint_one_cm":15783,"minecraft:walk_one_cm":36180,"minecraft:damage_taken":114,"minecraft:mob_kills":1,"minecraft:drop":32,"minecraft:damage_dealt":205,"minecraft:interact_with_crafting_table":1,"minecraft:fly_one_cm":27319,"minecraft:crouch_one_cm":168,"minecraft:play_time":9146,"minecraft:sneak_time":35,"tombstone:tomb_raiding":1,"minecraft:jump":210,"minecraft:time_since_death":9146,"minecraft:total_world_time":9146,"minecraft:fall_one_cm":2928}},"DataVersion":3465}