{"stats":{"minecraft:killed":{"minecraft:pig":2,"minecraft:sheep":3},"minecraft:killed_by":{"minecraft:player":1},"minecraft:crafted":{"minecraft:cooked_porkchop":5,"minecraft:crafting_table":1,"minecraft:wooden_pickaxe":1,"minecraft:furnace":1,"minecraft:copper_ingot":9,"minecraft:stone_axe":1,"minecraft:air":0,"minecraft:stone_pickaxe":1,"minecraft:wooden_axe":1,"minecraft:acacia_planks":52},"minecraft:used":{"minecraft:stone_pickaxe":25,"minecraft:wooden_pickaxe":26,"minecraft:mutton":2,"minecraft:crafting_table":3,"minecraft:wooden_axe":17,"minecraft:chicken":2,"minecraft:furnace":1,"minecraft:cooked_porkchop":3,"tombstone:gift":4},"minecraft:mined":{"iceandfire:lightning_lily":1,"iceandfire:silver_ore":4,"minecraft:crafting_table":2,"minecraft:grass_block":2,"minecraft:copper_ore":11,"minecraft:tall_grass":2,"cobblemon:persim_berry":1,"minecraft:grass":8,"minecraft:coal_ore":8,"minecraft:dirt":3,"minecraft:stone":23},"minecraft:picked_up":{"minecraft:pink_petals":6,"minecraft:crafting_table":2,"minecraft:chicken":1,"sushigocrafting:rice_seeds":1,"minecraft:dirt":5,"minecraft:raw_copper":41,"tombstone:gift":1,"minecraft:wheat_seeds":5,"minecraft:iron_nugget":1,"minecraft:stick":22,"minecraft:acacia_log":13,"sushigocrafting:cucumber_seeds":1,"cobblemon:premier_ball":6,"minecraft:porkchop":5,"dynamictrees:acacia_seed":9,"cobblemon:persim_berry":8,"minecraft:mutton":6,"minecraft:coal":8,"minecraft:white_wool":3,"iceandfire:raw_silver":4,"minecraft:cobblestone":23},"minecraft:dropped":{"iceandfire:raw_silver":3,"minecraft:stone_axe":1,"minecraft:wheat_seeds":5,"minecraft:cherry_log":16,"minecraft:oak_log":64,"sushigocrafting:cucumber_seeds":1,"cobblemon:pink_mint_leaf":6,"cobblemon:green_apricorn_seed":1,"minecraft:feather":1,"minecraft:cobblestone":64,"sushigocrafting:rice_seeds":1,"minecraft:white_bed":1,"cobblemon:oran_berry":5,"cobblemon:white_mint_leaf":8,"minecraft:stick":128,"cobblemon:bluk_berry":19,"minecraft:dirt":12,"cobblemon:white_apricorn_seed":1,"cobblemon:white_apricorn":1,"minecraft:spruce_planks":20,"minecraft:charcoal":2,"cobblemon:green_apricorn":6,"cobblemon:red_mint_leaf":7,"minecraft:arrow":2,"minecraft:stone_pickaxe":1,"minecraft:pink_petals":6,"minecraft:white_wool":1,"iceandfire:dragon_skull_lightning":1,"iceandfire:dragonbone":11,"vinery:red_grape_seeds":21},"minecraft:custom":{"minecraft:interact_with_furnace":7,"minecraft:mob_kills":5,"minecraft:interact_with_crafting_table":7,"minecraft:leave_game":2,"minecraft:time_since_death":20774,"minecraft:climb_one_cm":439,"minecraft:time_since_rest":20776,"minecraft:sprint_one_cm":88253,"minecraft:damage_taken":497,"minecraft:walk_one_cm":77214,"minecraft:drop":34,"minecraft:damage_dealt":564,"minecraft:swim_one_cm":1308,"minecraft:fly_one_cm":156224,"minecraft:open_chest":13,"minecraft:crouch_one_cm":2668,"minecraft:play_time":32323,"minecraft:deaths":1,"minecraft:sneak_time":1091,"minecraft:walk_under_water_one_cm":1064,"tombstone:tomb_raiding":1,"minecraft:jump":756,"minecraft:walk_on_water_one_cm":1238,"minecraft:total_world_time":32323,"minecraft:fall_one_cm":18638}},"DataVersion":3465}