{"stats":{"minecraft:killed":{"minecraft:sheep":3,"minecraft:pig":2},"minecraft:killed_by":{"minecraft:player":1},"minecraft:crafted":{"minecraft:cooked_porkchop":3,"minecraft:crafting_table":1,"minecraft:wooden_pickaxe":1,"minecraft:stone_pickaxe":1,"minecraft:wooden_axe":1,"minecraft:furnace":1,"minecraft:acacia_planks":52,"minecraft:stone_axe":1,"minecraft:air":0},"minecraft:used":{"minecraft:wooden_axe":17,"minecraft:stone_pickaxe":9,"minecraft:chicken":2,"minecraft:wooden_pickaxe":26,"minecraft:mutton":2,"minecraft:crafting_table":3,"minecraft:cooked_porkchop":2,"minecraft:furnace":1,"tombstone:gift":4},"minecraft:mined":{"minecraft:crafting_table":2,"minecraft:grass":7,"minecraft:grass_block":2,"minecraft:coal_ore":8,"minecraft:dirt":3,"minecraft:tall_grass":2,"minecraft:stone":22},"minecraft:picked_up":{"minecraft:pink_petals":6,"minecraft:stick":22,"minecraft:crafting_table":2,"sushigocrafting:rice_seeds":1,"minecraft:acacia_log":13,"cobblemon:premier_ball":3,"sushigocrafting:cucumber_seeds":1,"minecraft:porkchop":5,"dynamictrees:acacia_seed":9,"minecraft:dirt":3,"tombstone:gift":1,"minecraft:wheat_seeds":5,"minecraft:iron_nugget":1,"minecraft:coal":8,"minecraft:mutton":6,"minecraft:white_wool":3,"minecraft:cobblestone":19},"minecraft:dropped":{"cobblemon:bluk_berry":19,"minecraft:dirt":12,"iceandfire:raw_silver":3,"minecraft:stone_axe":1,"cobblemon:white_apricorn_seed":1,"minecraft:wheat_seeds":3,"minecraft:cherry_log":16,"minecraft:oak_log":64,"cobblemon:white_apricorn":1,"minecraft:spruce_planks":20,"sushigocrafting:cucumber_seeds":1,"cobblemon:pink_mint_leaf":6,"minecraft:charcoal":2,"cobblemon:green_apricorn_seed":1,"cobblemon:green_apricorn":6,"minecraft:feather":1,"minecraft:cobblestone":64,"cobblemon:red_mint_leaf":7,"sushigocrafting:rice_seeds":1,"minecraft:arrow":2,"minecraft:stone_pickaxe":1,"minecraft:white_bed":1,"minecraft:pink_petals":6,"minecraft:white_wool":1,"iceandfire:dragon_skull_lightning":1,"cobblemon:oran_berry":5,"cobblemon:white_mint_leaf":8,"iceandfire:dragonbone":11,"minecraft:stick":128,"vinery:red_grape_seeds":21},"minecraft:custom":{"minecraft:interact_with_furnace":4,"minecraft:time_since_rest":8776,"minecraft:damage_taken":447,"minecraft:sprint_one_cm":43935,"minecraft:walk_one_cm":59495,"minecraft:mob_kills":5,"minecraft:drop":33,"minecraft:damage_dealt":564,"minecraft:interact_with_crafting_table":7,"minecraft:fly_one_cm":77502,"minecraft:crouch_one_cm":1237,"minecraft:play_time":20323,"minecraft:deaths":1,"minecraft:sneak_time":432,"tombstone:tomb_raiding":1,"minecraft:jump":420,"minecraft:leave_game":2,"minecraft:time_since_death":8774,"minecraft:total_world_time":20323,"minecraft:fall_one_cm":9973}},"DataVersion":3465}