{"stats":{"minecraft:killed":{"minecraft:pig":2,"minecraft:sheep":3},"minecraft:killed_by":{"minecraft:player":1},"minecraft:crafted":{"minecraft:cooked_porkchop":5,"minecraft:crafting_table":1,"minecraft:wooden_pickaxe":1,"minecraft:furnace":1,"minecraft:copper_ingot":9,"minecraft:stone_axe":1,"minecraft:air":0,"minecraft:stone_pickaxe":1,"minecraft:wooden_axe":1,"minecraft:acacia_planks":52},"minecraft:used":{"minecraft:stone_pickaxe":31,"minecraft:wooden_pickaxe":26,"minecraft:dirt":5,"minecraft:mutton":2,"minecraft:crafting_table":3,"minecraft:wooden_axe":17,"chalk:light_gray_chalk":1,"minecraft:chicken":2,"minecraft:stone_axe":4,"minecraft:cobblestone":14,"minecraft:furnace":1,"minecraft:cooked_porkchop":6,"tombstone:gift":4},"minecraft:mined":{"iceandfire:lightning_lily":1,"iceandfire:silver_ore":4,"cobblemon:dawn_stone_ore":1,"minecraft:powder_snow":6,"minecraft:crafting_table":2,"dynamictrees:acacia_leaves":2,"minecraft:grass_block":2,"minecraft:copper_ore":11,"minecraft:tall_grass":2,"dynamictrees:oak_leaves":1,"cobblemon:persim_berry":1,"dynamictrees:spruce_leaves":1,"minecraft:grass":8,"minecraft:coal_ore":8,"minecraft:dirt":3,"minecraft:stone":28},"minecraft:picked_up":{"minecraft:pink_petals":6,"minecraft:crafting_table":2,"minecraft:cooked_beef":1,"minecraft:chicken":1,"sushigocrafting:rice_seeds":1,"cobblemon:red_apricorn":3,"cobblemon:pinap_berry":16,"minecraft:potato":4,"minecraft:dirt":5,"minecraft:raw_copper":41,"tombstone:gift":1,"minecraft:wheat_seeds":5,"minecraft:iron_nugget":1,"cobblemon:chilan_berry":4,"minecraft:stick":22,"minecraft:cooked_porkchop":1,"minecraft:acacia_log":13,"sushigocrafting:cucumber_seeds":1,"cobblemon:pecha_berry":6,"cobblemon:premier_ball":6,"minecraft:porkchop":5,"dynamictrees:acacia_seed":9,"cobblemon:persim_berry":8,"cobblemon:pink_apricorn":1,"cobblemon:dawn_stone":1,"minecraft:mutton":6,"minecraft:coal":8,"minecraft:white_wool":3,"iceandfire:raw_silver":4,"minecraft:cobblestone":28},"minecraft:dropped":{"iceandfire:raw_silver":3,"minecraft:stone_axe":1,"minecraft:wheat_seeds":5,"minecraft:cherry_log":16,"minecraft:oak_log":64,"sushigocrafting:cucumber_seeds":1,"cobblemon:pink_mint_leaf":6,"cobblemon:green_apricorn_seed":1,"minecraft:feather":1,"minecraft:cobblestone":64,"sushigocrafting:rice_seeds":1,"minecraft:white_bed":1,"cobblemon:oran_berry":5,"cobblemon:white_mint_leaf":8,"minecraft:stick":128,"cobblemon:bluk_berry":19,"minecraft:dirt":12,"cobblemon:white_apricorn_seed":1,"cobblemon:white_apricorn":1,"minecraft:spruce_planks":20,"minecraft:charcoal":2,"cobblemon:green_apricorn":6,"cobblemon:red_mint_leaf":7,"minecraft:arrow":2,"minecraft:stone_pickaxe":1,"minecraft:pink_petals":6,"minecraft:white_wool":1,"iceandfire:dragon_skull_lightning":1,"iceandfire:dragonbone":11,"vinery:red_grape_seeds":21},"minecraft:custom":{"minecraft:interact_with_furnace":7,"minecraft:mob_kills":5,"minecraft:interact_with_crafting_table":7,"minecraft:open_barrel":2,"minecraft:leave_game":3,"minecraft:time_since_death":34863,"minecraft:sleep_in_bed":1,"minecraft:climb_one_cm":1060,"minecraft:time_since_rest":13029,"minecraft:waystone_activated":2,"minecraft:sprint_one_cm":159511,"minecraft:damage_taken":697,"minecraft:walk_one_cm":113524,"minecraft:drop":34,"minecraft:damage_dealt":651,"minecraft:swim_one_cm":14618,"minecraft:fly_one_cm":238462,"minecraft:open_chest":16,"minecraft:crouch_one_cm":4478,"minecraft:play_time":46412,"minecraft:deaths":1,"minecraft:sneak_time":1490,"minecraft:walk_under_water_one_cm":2102,"tombstone:tomb_raiding":1,"minecraft:jump":1218,"minecraft:walk_on_water_one_cm":4637,"minecraft:total_world_time":46412,"minecraft:fall_one_cm":32200}},"DataVersion":3465}