{
  "uuid": "a8d1ce76-3e76-4d50-887e-567b94e9a385",
  "starterPrompted": true,
  "starterLocked": false,
  "starterSelected": true,
  "starterUUID": "0a286f19-2992-4839-baed-10869f637db5",
  "keyItems": [],
  "battleTheme": "cobblemon:battle.pvp.default",
  "extraData": {},
  "advancementData": {
    "totalCaptureCount": 1,
    "totalEggsHatched": 0,
    "totalEvolvedCount": 0,
    "totalBattleVictoryCount": 9,
    "totalPvPBattleVictoryCount": 0,
    "totalPvWBattleVictoryCount": 9,
    "totalPvNBattleVictoryCount": 0,
    "totalShinyCaptureCount": 0,
    "totalTradedCount": 0,
    "totalTypeCaptureCounts": {
      "fire": 1
    },
    "totalDefeatedCounts": {
      "cobblemon:spearow": 2,
      "cobblemon:zubat": 1,
      "cobblemon:lechonk": 1,
      "cobblemon:pidgey": 2,
      "cobblemon:pidove": 1,
      "cobblemon:makuhita": 1
    },
    "aspectsCollected": {}
  }
}