{
  "uuid": "2b4d58cc-d7c7-4251-8f24-0d446a6e6259",
  "starterPrompted": false,
  "starterLocked": false,
  "starterSelected": false,
  "keyItems": [],
  "battleTheme": "cobblemon:battle.pvp.default",
  "extraData": {},
  "advancementData": {
    "totalCaptureCount": 2,
    "totalEggsHatched": 0,
    "totalEvolvedCount": 0,
    "totalBattleVictoryCount": 4,
    "totalPvPBattleVictoryCount": 0,
    "totalPvWBattleVictoryCount": 4,
    "totalPvNBattleVictoryCount": 0,
    "totalShinyCaptureCount": 0,
    "totalTradedCount": 0,
    "totalTypeCaptureCounts": {
      "grass": 1,
      "dark": 1,
      "water": 1
    },
    "totalDefeatedCounts": {
      "cobblemon:taillow": 1,
      "cobblemon:bouffalant": 1
    },
    "aspectsCollected": {}
  }
}