{
  "uuid": "2b4d58cc-d7c7-4251-8f24-0d446a6e6259",
  "starterPrompted": true,
  "starterLocked": false,
  "starterSelected": true,
  "starterUUID": "0fd8013b-dcce-46cb-ad5a-c6dd734f7081",
  "keyItems": [],
  "battleTheme": "cobblemon:battle.pvp.default",
  "extraData": {},
  "advancementData": {
    "totalCaptureCount": 3,
    "totalEggsHatched": 0,
    "totalEvolvedCount": 1,
    "totalBattleVictoryCount": 15,
    "totalPvPBattleVictoryCount": 0,
    "totalPvWBattleVictoryCount": 15,
    "totalPvNBattleVictoryCount": 0,
    "totalShinyCaptureCount": 0,
    "totalTradedCount": 0,
    "totalTypeCaptureCounts": {
      "normal": 2,
      "fire": 1
    },
    "totalDefeatedCounts": {
      "cobblemon:cottonee": 1,
      "cobblemon:mareep": 1,
      "cobblemon:tinkatink": 1,
      "cobblemon:combee": 2,
      "cobblemon:wooloo": 1,
      "cobblemon:doduo": 1,
      "cobblemon:sentret": 1,
      "cobblemon:spearow": 1,
      "cobblemon:makuhita": 1,
      "cobblemon:zigzagoon": 1,
      "cobblemon:taillow": 1
    },
    "aspectsCollected": {}
  }
}