{
  "essentials:recipes/linking_tool": {
    "criteria": {
      "has_ingr": "2024-11-15 07:08:27 +0000"
    },
    "done": true
  },
  "create:root": {
    "criteria": {
      "0": "2024-11-15 07:08:27 +0000"
    },
    "done": true
  },
  "essentials:recipes/fertile_soil_dark_oak": {
    "criteria": {
      "has_ingr": "2024-11-15 07:08:27 +0000"
    },
    "done": true
  },
  "minecraft:recipes/decorations/crafting_table": {
    "criteria": {
      "unlock_right_away": "2024-11-15 07:08:27 +0000"
    },
    "done": true
  },
  "essentials:recipes/redstone_receiver": {
    "criteria": {
      "has_ingr": "2024-11-15 07:08:27 +0000"
    },
    "done": true
  },
  "essentials:recipes/wither_cannon": {
    "criteria": {
      "has_ingr": "2024-11-15 07:08:27 +0000"
    },
    "done": true
  },
  "pfm:grant_book_on_first_join": {
    "criteria": {
      "tick": "2024-11-15 07:08:27 +0000"
    },
    "done": true
  },
  "iceandfire:iceandfire/root": {
    "criteria": {
      "tick": "2024-11-15 07:08:27 +0000"
    },
    "done": true
  },
  "essentials:recipes/fertile_soil_carrot": {
    "criteria": {
      "has_ingr": "2024-11-15 07:08:27 +0000"
    },
    "done": true
  },
  "essentials:recipes/obsidian_cutting_kit": {
    "criteria": {
      "has_ingr": "2024-11-15 07:08:27 +0000"
    },
    "done": true
  },
  "essentials:recipes/fertile_soil_acacia": {
    "criteria": {
      "has_ingr": "2024-11-15 07:08:27 +0000"
    },
    "done": true
  },
  "essentials:recipes/fluid_shifter": {
    "criteria": {
      "has_ingr": "2024-11-15 07:08:27 +0000"
    },
    "done": true
  },
  "essentials:recipes/piston": {
    "criteria": {
      "has_ingr": "2024-11-15 07:08:27 +0000"
    },
    "done": true
  },
  "essentials:recipes/basic_item_splitter": {
    "criteria": {
      "has_ingr": "2024-11-15 07:08:27 +0000"
    },
    "done": true
  },
  "essentials:recipes/fertile_soil_spruce": {
    "criteria": {
      "has_ingr": "2024-11-15 07:08:27 +0000"
    },
    "done": true
  },
  "essentials:recipes/multi_piston": {
    "criteria": {
      "has_ingr": "2024-11-15 07:08:27 +0000"
    },
    "done": true
  },
  "essentials:recipes/fertile_soil_jungle": {
    "criteria": {
      "has_ingr": "2024-11-15 07:08:27 +0000"
    },
    "done": true
  },
  "theurgy:book_root": {
    "criteria": {
      "theurgy_present": "2024-11-15 07:08:27 +0000"
    },
    "done": true
  },
  "essentials:recipes/item_chute": {
    "criteria": {
      "has_ingr": "2024-11-15 07:08:27 +0000"
    },
    "done": true
  },
  "essentials:recipes/fertile_soil_wheat": {
    "criteria": {
      "has_ingr": "2024-11-15 07:08:27 +0000"
    },
    "done": true
  },
  "essentials:recipes/name_tag": {
    "criteria": {
      "has_ingr": "2024-11-15 07:08:27 +0000"
    },
    "done": true
  },
  "essentials:recipes/item_splitter": {
    "criteria": {
      "has_ingr": "2024-11-15 07:08:27 +0000"
    },
    "done": true
  },
  "betterdeserttemples:root": {
    "criteria": {
      "always": "2024-11-15 07:08:27 +0000"
    },
    "done": true
  },
  "essentials:recipes/fertile_soil_netherwart": {
    "criteria": {
      "has_ingr": "2024-11-15 07:08:27 +0000"
    },
    "done": true
  },
  "vinery:main/root": {
    "criteria": {
      "seeds": "2024-11-15 07:08:27 +0000"
    },
    "done": true
  },
  "essentials:recipes/slotted_chest": {
    "criteria": {
      "has_ingr": "2024-11-15 07:08:27 +0000"
    },
    "done": true
  },
  "essentials:recipes/essentials_guide_book": {
    "criteria": {
      "has_ingr": "2024-11-15 07:08:27 +0000"
    },
    "done": true
  },
  "essentials:recipes/fertile_soil_beetroot": {
    "criteria": {
      "has_ingr": "2024-11-15 07:08:27 +0000"
    },
    "done": true
  },
  "essentials:recipes/saddle": {
    "criteria": {
      "has_ingr": "2024-11-15 07:08:27 +0000"
    },
    "done": true
  },
  "essentials:recipes/candle_lilypad": {
    "criteria": {
      "has_ingr": "2024-11-15 07:08:27 +0000"
    },
    "done": true
  },
  "essentials:recipes/fertile_soil_berry": {
    "criteria": {
      "has_ingr": "2024-11-15 07:08:27 +0000"
    },
    "done": true
  },
  "essentials:recipes/sorting_hopper": {
    "criteria": {
      "has_ingr": "2024-11-15 07:08:27 +0000"
    },
    "done": true
  },
  "essentials:recipes/item_shifter": {
    "criteria": {
      "has_ingr": "2024-11-15 07:08:27 +0000"
    },
    "done": true
  },
  "essentials:recipes/auto_crafter": {
    "criteria": {
      "has_ingr": "2024-11-15 07:08:27 +0000"
    },
    "done": true
  },
  "essentials:recipes/basic_fluid_splitter": {
    "criteria": {
      "has_ingr": "2024-11-15 07:08:27 +0000"
    },
    "done": true
  },
  "dungeons_arise:wda_root": {
    "criteria": {
      "WDA": "2024-11-15 07:08:27 +0000"
    },
    "done": true
  },
  "essentials:recipes/fertile_soil_red_mushroom": {
    "criteria": {
      "has_ingr": "2024-11-15 07:08:27 +0000"
    },
    "done": true
  },
  "essentials:recipes/fertile_soil_oak": {
    "criteria": {
      "has_ingr": "2024-11-15 07:08:27 +0000"
    },
    "done": true
  },
  "essentials:recipes/speed_hopper": {
    "criteria": {
      "has_ingr": "2024-11-15 07:08:27 +0000"
    },
    "done": true
  },
  "essentials:recipes/fertile_soil_potato": {
    "criteria": {
      "has_ingr": "2024-11-15 07:08:27 +0000"
    },
    "done": true
  },
  "essentials:recipes/multi_piston_sticky_base": {
    "criteria": {
      "has_ingr": "2024-11-15 07:08:27 +0000"
    },
    "done": true
  },
  "grimoireofgaia:main/root": {
    "criteria": {
      "join": "2024-11-15 07:08:27 +0000"
    },
    "done": true
  },
  "essentials:recipes/hopper_filter": {
    "criteria": {
      "has_ingr": "2024-11-15 07:08:27 +0000"
    },
    "done": true
  },
  "essentials:recipes/redstone_transmitter": {
    "criteria": {
      "has_ingr": "2024-11-15 07:08:27 +0000"
    },
    "done": true
  },
  "essentials:recipes/multi_piston_sticky": {
    "criteria": {
      "has_ingr": "2024-11-15 07:08:27 +0000"
    },
    "done": true
  },
  "essentials:recipes/analog_lamp": {
    "criteria": {
      "has_ingr": "2024-11-15 07:08:27 +0000"
    },
    "done": true
  },
  "essentials:recipes/fertile_soil_birch": {
    "criteria": {
      "has_ingr": "2024-11-15 07:08:27 +0000"
    },
    "done": true
  },
  "essentials:recipes/brazier": {
    "criteria": {
      "has_ingr": "2024-11-15 07:08:27 +0000"
    },
    "done": true
  },
  "essentials:recipes/fertile_soil_brown_mushroom": {
    "criteria": {
      "has_ingr": "2024-11-15 07:08:27 +0000"
    },
    "done": true
  },
  "farmersdelight:main/root": {
    "criteria": {
      "seeds": "2024-11-15 07:08:27 +0000"
    },
    "done": true
  },
  "essentials:recipes/fluid_splitter": {
    "criteria": {
      "has_ingr": "2024-11-15 07:08:27 +0000"
    },
    "done": true
  },
  "tombstone:adventure/root": {
    "criteria": {
      "auto": "2024-11-15 07:08:28 +0000"
    },
    "done": true
  },
  "minecraft:adventure/adventuring_time": {
    "criteria": {
      "minecraft:sparse_jungle": "2024-11-15 07:08:28 +0000",
      "minecraft:river": "2024-11-15 07:12:03 +0000",
      "minecraft:forest": "2024-11-15 07:12:50 +0000",
      "minecraft:plains": "2024-11-15 07:09:49 +0000"
    },
    "done": false
  },
  "tombstone:adventure/first_grave": {
    "criteria": {
      "coded_trigger": "2024-11-15 07:10:49 +0000"
    },
    "done": true
  },
  "pfm:recipes/furniture/lime_simple_sofa": {
    "criteria": {
      "has_wool": "2024-11-15 07:15:33 +0000"
    },
    "done": true
  },
  "pfm:recipes/furniture/pink_arm_chair": {
    "criteria": {
      "has_wool": "2024-11-15 07:15:33 +0000"
    },
    "done": true
  },
  "pfm:recipes/furniture/oak_kitchen_wall_drawer": {
    "criteria": {
      "has_planks": "2024-11-15 07:15:33 +0000"
    },
    "done": true
  },
  "pfm:recipes/furniture/magenta_simple_sofa": {
    "criteria": {
      "has_wool": "2024-11-15 07:15:33 +0000"
    },
    "done": true
  },
  "pfm:recipes/furniture/green_simple_sofa": {
    "criteria": {
      "has_wool": "2024-11-15 07:15:33 +0000"
    },
    "done": true
  },
  "pfm:recipes/furniture/oak_kitchen_sink": {
    "criteria": {
      "has_planks": "2024-11-15 07:15:33 +0000"
    },
    "done": true
  },
  "pfm:recipes/furniture/blue_arm_chair": {
    "criteria": {
      "has_wool": "2024-11-15 07:15:33 +0000"
    },
    "done": true
  },
  "pfm:recipes/furniture/oak_raw_table_log": {
    "criteria": {
      "has_log": "2024-11-15 07:15:33 +0000"
    },
    "done": true
  },
  "pfm:recipes/furniture/white_arm_chair": {
    "criteria": {
      "has_wool": "2024-11-15 07:15:33 +0000"
    },
    "done": true
  },
  "pfm:recipes/furniture/black_arm_chair": {
    "criteria": {
      "has_wool": "2024-11-15 07:15:33 +0000"
    },
    "done": true
  },
  "pfm:recipes/furniture/purple_arm_chair": {
    "criteria": {
      "has_wool": "2024-11-15 07:15:33 +0000"
    },
    "done": true
  },
  "minecraft:recipes/building_blocks/oak_planks": {
    "criteria": {
      "has_logs": "2024-11-15 07:15:33 +0000"
    },
    "done": true
  },
  "vinery:recipes/stackable_log": {
    "criteria": {
      "has_oak_log": "2024-11-15 07:15:33 +0000"
    },
    "done": true
  },
  "pfm:recipes/furniture/light_gray_arm_chair": {
    "criteria": {
      "has_wool": "2024-11-15 07:15:33 +0000"
    },
    "done": true
  },
  "pfm:recipes/furniture/lime_arm_chair": {
    "criteria": {
      "has_wool": "2024-11-15 07:15:33 +0000"
    },
    "done": true
  },
  "pfm:recipes/furniture/light_gray_simple_sofa": {
    "criteria": {
      "has_wool": "2024-11-15 07:15:33 +0000"
    },
    "done": true
  },
  "pfm:recipes/furniture/yellow_simple_sofa": {
    "criteria": {
      "has_wool": "2024-11-15 07:15:33 +0000"
    },
    "done": true
  },
  "pfm:recipes/furniture/white_simple_sofa": {
    "criteria": {
      "has_wool": "2024-11-15 07:15:33 +0000"
    },
    "done": true
  },
  "pfm:recipes/furniture/gray_simple_sofa": {
    "criteria": {
      "has_wool": "2024-11-15 07:15:33 +0000"
    },
    "done": true
  },
  "pfm:recipes/furniture/gray_arm_chair": {
    "criteria": {
      "has_wool": "2024-11-15 07:15:33 +0000"
    },
    "done": true
  },
  "pfm:recipes/furniture/orange_arm_chair": {
    "criteria": {
      "has_wool": "2024-11-15 07:15:33 +0000"
    },
    "done": true
  },
  "pfm:recipes/furniture/red_simple_sofa": {
    "criteria": {
      "has_wool": "2024-11-15 07:15:33 +0000"
    },
    "done": true
  },
  "cobblemon:root": {
    "criteria": {
      "picked_starter": "2024-11-15 07:15:01 +0000"
    },
    "done": true
  },
  "pfm:recipes/furniture/brown_arm_chair": {
    "criteria": {
      "has_wool": "2024-11-15 07:15:33 +0000"
    },
    "done": true
  },
  "pfm:recipes/furniture/purple_simple_sofa": {
    "criteria": {
      "has_wool": "2024-11-15 07:15:33 +0000"
    },
    "done": true
  },
  "pfm:recipes/furniture/red_arm_chair": {
    "criteria": {
      "has_wool": "2024-11-15 07:15:33 +0000"
    },
    "done": true
  },
  "pfm:recipes/furniture/arm_chair_leather": {
    "criteria": {
      "has_wool": "2024-11-15 07:15:33 +0000"
    },
    "done": true
  },
  "pfm:recipes/furniture/oak_kitchen_drawer": {
    "criteria": {
      "has_planks": "2024-11-15 07:15:33 +0000"
    },
    "done": true
  },
  "pfm:recipes/furniture/brown_simple_sofa": {
    "criteria": {
      "has_wool": "2024-11-15 07:15:33 +0000"
    },
    "done": true
  },
  "pfm:recipes/furniture/oak_kitchen_wall_counter": {
    "criteria": {
      "has_planks": "2024-11-15 07:15:33 +0000"
    },
    "done": true
  },
  "minecraft:recipes/misc/charcoal": {
    "criteria": {
      "has_log": "2024-11-15 07:15:33 +0000"
    },
    "done": true
  },
  "pfm:recipes/furniture/cyan_arm_chair": {
    "criteria": {
      "has_wool": "2024-11-15 07:15:33 +0000"
    },
    "done": true
  },
  "minecraft:recipes/building_blocks/oak_wood": {
    "criteria": {
      "has_log": "2024-11-15 07:15:33 +0000"
    },
    "done": true
  },
  "pfm:recipes/furniture/cyan_simple_sofa": {
    "criteria": {
      "has_wool": "2024-11-15 07:15:33 +0000"
    },
    "done": true
  },
  "pfm:recipes/furniture/yellow_arm_chair": {
    "criteria": {
      "has_wool": "2024-11-15 07:15:33 +0000"
    },
    "done": true
  },
  "pfm:recipes/furniture/green_arm_chair": {
    "criteria": {
      "has_wool": "2024-11-15 07:15:33 +0000"
    },
    "done": true
  },
  "pfm:recipes/furniture/oak_kitchen_counter": {
    "criteria": {
      "has_planks": "2024-11-15 07:15:33 +0000"
    },
    "done": true
  },
  "vinery:recipes/grapevine_stem": {
    "criteria": {
      "has_oak_log": "2024-11-15 07:15:33 +0000"
    },
    "done": true
  },
  "pfm:recipes/furniture/pink_simple_sofa": {
    "criteria": {
      "has_wool": "2024-11-15 07:15:33 +0000"
    },
    "done": true
  },
  "pfm:recipes/furniture/oak_kitchen_wall_small_drawer": {
    "criteria": {
      "has_planks": "2024-11-15 07:15:33 +0000"
    },
    "done": true
  },
  "pfm:recipes/furniture/black_simple_sofa": {
    "criteria": {
      "has_wool": "2024-11-15 07:15:33 +0000"
    },
    "done": true
  },
  "pfm:recipes/furniture/oak_kitchen_counter_oven": {
    "criteria": {
      "has_planks": "2024-11-15 07:15:33 +0000"
    },
    "done": true
  },
  "pfm:recipes/furniture/blue_simple_sofa": {
    "criteria": {
      "has_wool": "2024-11-15 07:15:33 +0000"
    },
    "done": true
  },
  "pfm:recipes/furniture/light_blue_simple_sofa": {
    "criteria": {
      "has_wool": "2024-11-15 07:15:33 +0000"
    },
    "done": true
  },
  "pfm:recipes/furniture/oak_log_stool": {
    "criteria": {
      "has_log": "2024-11-15 07:15:33 +0000"
    },
    "done": true
  },
  "pfm:recipes/furniture/magenta_arm_chair": {
    "criteria": {
      "has_wool": "2024-11-15 07:15:33 +0000"
    },
    "done": true
  },
  "pfm:recipes/furniture/orange_simple_sofa": {
    "criteria": {
      "has_wool": "2024-11-15 07:15:33 +0000"
    },
    "done": true
  },
  "pfm:recipes/furniture/light_blue_arm_chair": {
    "criteria": {
      "has_wool": "2024-11-15 07:15:33 +0000"
    },
    "done": true
  },
  "pfm:recipes/furniture/oak_kitchen_cabinet": {
    "criteria": {
      "has_planks": "2024-11-15 07:15:33 +0000"
    },
    "done": true
  },
  "DataVersion": 3465
}