{
  "essentials:recipes/linking_tool": {
    "criteria": {
      "has_ingr": "2024-11-15 07:43:24 +0000"
    },
    "done": true
  },
  "create:root": {
    "criteria": {
      "0": "2024-11-15 07:43:24 +0000"
    },
    "done": true
  },
  "essentials:recipes/fertile_soil_dark_oak": {
    "criteria": {
      "has_ingr": "2024-11-15 07:43:24 +0000"
    },
    "done": true
  },
  "minecraft:recipes/decorations/crafting_table": {
    "criteria": {
      "unlock_right_away": "2024-11-15 07:43:24 +0000"
    },
    "done": true
  },
  "essentials:recipes/redstone_receiver": {
    "criteria": {
      "has_ingr": "2024-11-15 07:43:24 +0000"
    },
    "done": true
  },
  "essentials:recipes/wither_cannon": {
    "criteria": {
      "has_ingr": "2024-11-15 07:43:24 +0000"
    },
    "done": true
  },
  "pfm:grant_book_on_first_join": {
    "criteria": {
      "tick": "2024-11-15 07:43:24 +0000"
    },
    "done": true
  },
  "iceandfire:iceandfire/root": {
    "criteria": {
      "tick": "2024-11-15 07:43:24 +0000"
    },
    "done": true
  },
  "essentials:recipes/fertile_soil_carrot": {
    "criteria": {
      "has_ingr": "2024-11-15 07:43:24 +0000"
    },
    "done": true
  },
  "essentials:recipes/obsidian_cutting_kit": {
    "criteria": {
      "has_ingr": "2024-11-15 07:43:24 +0000"
    },
    "done": true
  },
  "essentials:recipes/fertile_soil_acacia": {
    "criteria": {
      "has_ingr": "2024-11-15 07:43:24 +0000"
    },
    "done": true
  },
  "essentials:recipes/fluid_shifter": {
    "criteria": {
      "has_ingr": "2024-11-15 07:43:24 +0000"
    },
    "done": true
  },
  "essentials:recipes/piston": {
    "criteria": {
      "has_ingr": "2024-11-15 07:43:24 +0000"
    },
    "done": true
  },
  "essentials:recipes/basic_item_splitter": {
    "criteria": {
      "has_ingr": "2024-11-15 07:43:24 +0000"
    },
    "done": true
  },
  "essentials:recipes/fertile_soil_spruce": {
    "criteria": {
      "has_ingr": "2024-11-15 07:43:24 +0000"
    },
    "done": true
  },
  "essentials:recipes/multi_piston": {
    "criteria": {
      "has_ingr": "2024-11-15 07:43:24 +0000"
    },
    "done": true
  },
  "essentials:recipes/fertile_soil_jungle": {
    "criteria": {
      "has_ingr": "2024-11-15 07:43:24 +0000"
    },
    "done": true
  },
  "theurgy:book_root": {
    "criteria": {
      "theurgy_present": "2024-11-15 07:43:24 +0000"
    },
    "done": true
  },
  "essentials:recipes/item_chute": {
    "criteria": {
      "has_ingr": "2024-11-15 07:43:24 +0000"
    },
    "done": true
  },
  "essentials:recipes/fertile_soil_wheat": {
    "criteria": {
      "has_ingr": "2024-11-15 07:43:24 +0000"
    },
    "done": true
  },
  "essentials:recipes/name_tag": {
    "criteria": {
      "has_ingr": "2024-11-15 07:43:24 +0000"
    },
    "done": true
  },
  "essentials:recipes/item_splitter": {
    "criteria": {
      "has_ingr": "2024-11-15 07:43:24 +0000"
    },
    "done": true
  },
  "betterdeserttemples:root": {
    "criteria": {
      "always": "2024-11-15 07:43:24 +0000"
    },
    "done": true
  },
  "essentials:recipes/fertile_soil_netherwart": {
    "criteria": {
      "has_ingr": "2024-11-15 07:43:24 +0000"
    },
    "done": true
  },
  "vinery:main/root": {
    "criteria": {
      "seeds": "2024-11-15 07:43:24 +0000"
    },
    "done": true
  },
  "essentials:recipes/slotted_chest": {
    "criteria": {
      "has_ingr": "2024-11-15 07:43:24 +0000"
    },
    "done": true
  },
  "essentials:recipes/essentials_guide_book": {
    "criteria": {
      "has_ingr": "2024-11-15 07:43:24 +0000"
    },
    "done": true
  },
  "essentials:recipes/fertile_soil_beetroot": {
    "criteria": {
      "has_ingr": "2024-11-15 07:43:24 +0000"
    },
    "done": true
  },
  "essentials:recipes/saddle": {
    "criteria": {
      "has_ingr": "2024-11-15 07:43:24 +0000"
    },
    "done": true
  },
  "essentials:recipes/candle_lilypad": {
    "criteria": {
      "has_ingr": "2024-11-15 07:43:24 +0000"
    },
    "done": true
  },
  "essentials:recipes/fertile_soil_berry": {
    "criteria": {
      "has_ingr": "2024-11-15 07:43:24 +0000"
    },
    "done": true
  },
  "essentials:recipes/sorting_hopper": {
    "criteria": {
      "has_ingr": "2024-11-15 07:43:24 +0000"
    },
    "done": true
  },
  "essentials:recipes/item_shifter": {
    "criteria": {
      "has_ingr": "2024-11-15 07:43:24 +0000"
    },
    "done": true
  },
  "essentials:recipes/auto_crafter": {
    "criteria": {
      "has_ingr": "2024-11-15 07:43:24 +0000"
    },
    "done": true
  },
  "essentials:recipes/basic_fluid_splitter": {
    "criteria": {
      "has_ingr": "2024-11-15 07:43:24 +0000"
    },
    "done": true
  },
  "dungeons_arise:wda_root": {
    "criteria": {
      "WDA": "2024-11-15 07:43:24 +0000"
    },
    "done": true
  },
  "essentials:recipes/fertile_soil_red_mushroom": {
    "criteria": {
      "has_ingr": "2024-11-15 07:43:24 +0000"
    },
    "done": true
  },
  "essentials:recipes/fertile_soil_oak": {
    "criteria": {
      "has_ingr": "2024-11-15 07:43:24 +0000"
    },
    "done": true
  },
  "essentials:recipes/speed_hopper": {
    "criteria": {
      "has_ingr": "2024-11-15 07:43:24 +0000"
    },
    "done": true
  },
  "essentials:recipes/fertile_soil_potato": {
    "criteria": {
      "has_ingr": "2024-11-15 07:43:24 +0000"
    },
    "done": true
  },
  "essentials:recipes/multi_piston_sticky_base": {
    "criteria": {
      "has_ingr": "2024-11-15 07:43:24 +0000"
    },
    "done": true
  },
  "grimoireofgaia:main/root": {
    "criteria": {
      "join": "2024-11-15 07:43:24 +0000"
    },
    "done": true
  },
  "essentials:recipes/hopper_filter": {
    "criteria": {
      "has_ingr": "2024-11-15 07:43:24 +0000"
    },
    "done": true
  },
  "essentials:recipes/redstone_transmitter": {
    "criteria": {
      "has_ingr": "2024-11-15 07:43:24 +0000"
    },
    "done": true
  },
  "tombstone:adventure/root": {
    "criteria": {
      "auto": "2024-11-15 07:43:24 +0000"
    },
    "done": true
  },
  "essentials:recipes/multi_piston_sticky": {
    "criteria": {
      "has_ingr": "2024-11-15 07:43:24 +0000"
    },
    "done": true
  },
  "essentials:recipes/analog_lamp": {
    "criteria": {
      "has_ingr": "2024-11-15 07:43:24 +0000"
    },
    "done": true
  },
  "essentials:recipes/fertile_soil_birch": {
    "criteria": {
      "has_ingr": "2024-11-15 07:43:24 +0000"
    },
    "done": true
  },
  "essentials:recipes/brazier": {
    "criteria": {
      "has_ingr": "2024-11-15 07:43:24 +0000"
    },
    "done": true
  },
  "essentials:recipes/fertile_soil_brown_mushroom": {
    "criteria": {
      "has_ingr": "2024-11-15 07:43:24 +0000"
    },
    "done": true
  },
  "farmersdelight:main/root": {
    "criteria": {
      "seeds": "2024-11-15 07:43:24 +0000"
    },
    "done": true
  },
  "minecraft:adventure/adventuring_time": {
    "criteria": {
      "minecraft:savanna": "2024-11-15 07:43:24 +0000"
    },
    "done": false
  },
  "essentials:recipes/fluid_splitter": {
    "criteria": {
      "has_ingr": "2024-11-15 07:43:24 +0000"
    },
    "done": true
  },
  "cobblemon:root": {
    "criteria": {
      "picked_starter": "2024-11-15 07:44:44 +0000"
    },
    "done": true
  },
  "minecraft:recipes/decorations/ladder": {
    "criteria": {
      "has_stick": "2024-11-15 07:45:41 +0000"
    },
    "done": true
  },
  "minecraft:recipes/tools/wooden_axe": {
    "criteria": {
      "has_stick": "2024-11-15 07:45:41 +0000"
    },
    "done": true
  },
  "another_furniture:recipes/acacia_drawer": {
    "criteria": {
      "has_planks": "2024-11-15 07:45:41 +0000"
    },
    "done": true
  },
  "minecraft:recipes/decorations/campfire": {
    "criteria": {
      "has_stick": "2024-11-15 07:45:41 +0000"
    },
    "done": true
  },
  "another_furniture:recipes/cherry_drawer": {
    "criteria": {
      "has_planks": "2024-11-15 07:45:41 +0000"
    },
    "done": true
  },
  "paraglider:recipes/misc/paraglider": {
    "criteria": {
      "has_stick": "2024-11-15 07:45:41 +0000"
    },
    "done": true
  },
  "minecraft:recipes/combat/wooden_sword": {
    "criteria": {
      "has_stick": "2024-11-15 07:45:41 +0000"
    },
    "done": true
  },
  "another_furniture:recipes/warped_drawer": {
    "criteria": {
      "has_planks": "2024-11-15 07:45:41 +0000"
    },
    "done": true
  },
  "vinery:recipes/dark_cherry_fence": {
    "criteria": {
      "has_stick": "2024-11-15 07:45:41 +0000"
    },
    "done": true
  },
  "another_furniture:recipes/jungle_drawer": {
    "criteria": {
      "has_planks": "2024-11-15 07:45:41 +0000"
    },
    "done": true
  },
  "vinery:recipes/dark_cherry_fence_gate": {
    "criteria": {
      "has_stick": "2024-11-15 07:45:41 +0000"
    },
    "done": true
  },
  "minecraft:recipes/tools/wooden_pickaxe": {
    "criteria": {
      "has_stick": "2024-11-15 07:45:41 +0000"
    },
    "done": true
  },
  "another_furniture:recipes/mangrove_drawer": {
    "criteria": {
      "has_planks": "2024-11-15 07:45:41 +0000"
    },
    "done": true
  },
  "another_furniture:recipes/furniture_hammer": {
    "criteria": {
      "has_stick": "2024-11-15 07:45:41 +0000"
    },
    "done": true
  },
  "another_furniture:recipes/birch_drawer": {
    "criteria": {
      "has_planks": "2024-11-15 07:45:41 +0000"
    },
    "done": true
  },
  "another_furniture:recipes/oak_drawer": {
    "criteria": {
      "has_planks": "2024-11-15 07:45:41 +0000"
    },
    "done": true
  },
  "another_furniture:recipes/dark_oak_drawer": {
    "criteria": {
      "has_planks": "2024-11-15 07:45:41 +0000"
    },
    "done": true
  },
  "another_furniture:recipes/spruce_drawer": {
    "criteria": {
      "has_planks": "2024-11-15 07:45:41 +0000"
    },
    "done": true
  },
  "minecraft:recipes/tools/wooden_hoe": {
    "criteria": {
      "has_stick": "2024-11-15 07:45:41 +0000"
    },
    "done": true
  },
  "vinery:recipes/campfire": {
    "criteria": {
      "has_stick": "2024-11-15 07:45:41 +0000",
      "has_the_recipe": "2024-11-15 07:45:41 +0000"
    },
    "done": true
  },
  "minecraft:recipes/tools/wooden_shovel": {
    "criteria": {
      "has_stick": "2024-11-15 07:45:41 +0000"
    },
    "done": true
  },
  "another_furniture:recipes/bamboo_drawer": {
    "criteria": {
      "has_planks": "2024-11-15 07:45:41 +0000"
    },
    "done": true
  },
  "farmersdelight:recipes/combat/flint_knife": {
    "criteria": {
      "has_stick": "2024-11-15 07:45:41 +0000"
    },
    "done": true
  },
  "forbidden_arcanus:recipes/building_blocks/edelwood_ladder": {
    "criteria": {
      "has_rods/wooden": "2024-11-15 07:45:41 +0000"
    },
    "done": true
  },
  "vinery:recipes/grapevine_lattice": {
    "criteria": {
      "has_stick": "2024-11-15 07:45:41 +0000"
    },
    "done": true
  },
  "another_furniture:recipes/crimson_drawer": {
    "criteria": {
      "has_planks": "2024-11-15 07:45:41 +0000"
    },
    "done": true
  },
  "farmersdelight:recipes/decorations/cutting_board": {
    "criteria": {
      "has_stick": "2024-11-15 07:45:41 +0000"
    },
    "done": true
  },
  "vinery:recipes/dirt_slab": {
    "criteria": {
      "has_dirt": "2024-11-15 07:54:31 +0000"
    },
    "done": true
  },
  "minecraft:husbandry/balanced_diet": {
    "criteria": {
      "baked_potato": "2024-11-15 07:56:05 +0000"
    },
    "done": false
  },
  "farmersdelight:recipes/cooking/rabbit_stew": {
    "criteria": {
      "has_any_ingredient": "2024-11-15 07:55:43 +0000"
    },
    "done": true
  },
  "farmersdelight:recipes/food/steak_and_potatoes": {
    "criteria": {
      "has_baked_potato": "2024-11-15 07:55:43 +0000"
    },
    "done": true
  },
  "minecraft:husbandry/root": {
    "criteria": {
      "consumed_item": "2024-11-15 07:56:05 +0000"
    },
    "done": true
  },
  "cobblemon:recipes/consumables/leek_and_potato_stew": {
    "criteria": {
      "has_potato": "2024-11-15 07:55:43 +0000"
    },
    "done": true
  },
  "farmersdelight:recipes/food/stuffed_potato": {
    "criteria": {
      "has_baked_potato": "2024-11-15 07:55:43 +0000"
    },
    "done": true
  },
  "DataVersion": 3465
}