{
  "essentials:recipes/linking_tool": {
    "criteria": {
      "has_ingr": "2024-11-15 21:49:23 +0000"
    },
    "done": true
  },
  "create:root": {
    "criteria": {
      "0": "2024-11-15 21:49:23 +0000"
    },
    "done": true
  },
  "essentials:recipes/fertile_soil_dark_oak": {
    "criteria": {
      "has_ingr": "2024-11-15 21:49:23 +0000"
    },
    "done": true
  },
  "minecraft:recipes/decorations/crafting_table": {
    "criteria": {
      "unlock_right_away": "2024-11-15 21:49:23 +0000"
    },
    "done": true
  },
  "essentials:recipes/redstone_receiver": {
    "criteria": {
      "has_ingr": "2024-11-15 21:49:23 +0000"
    },
    "done": true
  },
  "essentials:recipes/wither_cannon": {
    "criteria": {
      "has_ingr": "2024-11-15 21:49:23 +0000"
    },
    "done": true
  },
  "pfm:grant_book_on_first_join": {
    "criteria": {
      "tick": "2024-11-15 21:49:23 +0000"
    },
    "done": true
  },
  "iceandfire:iceandfire/root": {
    "criteria": {
      "tick": "2024-11-15 21:49:23 +0000"
    },
    "done": true
  },
  "essentials:recipes/fertile_soil_carrot": {
    "criteria": {
      "has_ingr": "2024-11-15 21:49:23 +0000"
    },
    "done": true
  },
  "essentials:recipes/obsidian_cutting_kit": {
    "criteria": {
      "has_ingr": "2024-11-15 21:49:23 +0000"
    },
    "done": true
  },
  "essentials:recipes/fertile_soil_acacia": {
    "criteria": {
      "has_ingr": "2024-11-15 21:49:23 +0000"
    },
    "done": true
  },
  "essentials:recipes/fluid_shifter": {
    "criteria": {
      "has_ingr": "2024-11-15 21:49:23 +0000"
    },
    "done": true
  },
  "essentials:recipes/piston": {
    "criteria": {
      "has_ingr": "2024-11-15 21:49:23 +0000"
    },
    "done": true
  },
  "essentials:recipes/basic_item_splitter": {
    "criteria": {
      "has_ingr": "2024-11-15 21:49:23 +0000"
    },
    "done": true
  },
  "essentials:recipes/fertile_soil_spruce": {
    "criteria": {
      "has_ingr": "2024-11-15 21:49:23 +0000"
    },
    "done": true
  },
  "essentials:recipes/multi_piston": {
    "criteria": {
      "has_ingr": "2024-11-15 21:49:23 +0000"
    },
    "done": true
  },
  "essentials:recipes/fertile_soil_jungle": {
    "criteria": {
      "has_ingr": "2024-11-15 21:49:23 +0000"
    },
    "done": true
  },
  "theurgy:book_root": {
    "criteria": {
      "theurgy_present": "2024-11-15 21:49:23 +0000"
    },
    "done": true
  },
  "essentials:recipes/item_chute": {
    "criteria": {
      "has_ingr": "2024-11-15 21:49:23 +0000"
    },
    "done": true
  },
  "essentials:recipes/fertile_soil_wheat": {
    "criteria": {
      "has_ingr": "2024-11-15 21:49:23 +0000"
    },
    "done": true
  },
  "essentials:recipes/name_tag": {
    "criteria": {
      "has_ingr": "2024-11-15 21:49:23 +0000"
    },
    "done": true
  },
  "essentials:recipes/item_splitter": {
    "criteria": {
      "has_ingr": "2024-11-15 21:49:23 +0000"
    },
    "done": true
  },
  "betterdeserttemples:root": {
    "criteria": {
      "always": "2024-11-15 21:49:23 +0000"
    },
    "done": true
  },
  "essentials:recipes/fertile_soil_netherwart": {
    "criteria": {
      "has_ingr": "2024-11-15 21:49:23 +0000"
    },
    "done": true
  },
  "vinery:main/root": {
    "criteria": {
      "seeds": "2024-11-15 21:49:23 +0000"
    },
    "done": true
  },
  "essentials:recipes/slotted_chest": {
    "criteria": {
      "has_ingr": "2024-11-15 21:49:23 +0000"
    },
    "done": true
  },
  "essentials:recipes/essentials_guide_book": {
    "criteria": {
      "has_ingr": "2024-11-15 21:49:23 +0000"
    },
    "done": true
  },
  "essentials:recipes/fertile_soil_beetroot": {
    "criteria": {
      "has_ingr": "2024-11-15 21:49:23 +0000"
    },
    "done": true
  },
  "essentials:recipes/saddle": {
    "criteria": {
      "has_ingr": "2024-11-15 21:49:23 +0000"
    },
    "done": true
  },
  "essentials:recipes/candle_lilypad": {
    "criteria": {
      "has_ingr": "2024-11-15 21:49:23 +0000"
    },
    "done": true
  },
  "essentials:recipes/fertile_soil_berry": {
    "criteria": {
      "has_ingr": "2024-11-15 21:49:23 +0000"
    },
    "done": true
  },
  "essentials:recipes/sorting_hopper": {
    "criteria": {
      "has_ingr": "2024-11-15 21:49:23 +0000"
    },
    "done": true
  },
  "essentials:recipes/item_shifter": {
    "criteria": {
      "has_ingr": "2024-11-15 21:49:23 +0000"
    },
    "done": true
  },
  "essentials:recipes/auto_crafter": {
    "criteria": {
      "has_ingr": "2024-11-15 21:49:23 +0000"
    },
    "done": true
  },
  "essentials:recipes/basic_fluid_splitter": {
    "criteria": {
      "has_ingr": "2024-11-15 21:49:23 +0000"
    },
    "done": true
  },
  "dungeons_arise:wda_root": {
    "criteria": {
      "WDA": "2024-11-15 21:49:23 +0000"
    },
    "done": true
  },
  "essentials:recipes/fertile_soil_red_mushroom": {
    "criteria": {
      "has_ingr": "2024-11-15 21:49:23 +0000"
    },
    "done": true
  },
  "essentials:recipes/fertile_soil_oak": {
    "criteria": {
      "has_ingr": "2024-11-15 21:49:23 +0000"
    },
    "done": true
  },
  "essentials:recipes/speed_hopper": {
    "criteria": {
      "has_ingr": "2024-11-15 21:49:23 +0000"
    },
    "done": true
  },
  "essentials:recipes/fertile_soil_potato": {
    "criteria": {
      "has_ingr": "2024-11-15 21:49:23 +0000"
    },
    "done": true
  },
  "essentials:recipes/multi_piston_sticky_base": {
    "criteria": {
      "has_ingr": "2024-11-15 21:49:23 +0000"
    },
    "done": true
  },
  "essentials:recipes/hopper_filter": {
    "criteria": {
      "has_ingr": "2024-11-15 21:49:23 +0000"
    },
    "done": true
  },
  "essentials:recipes/redstone_transmitter": {
    "criteria": {
      "has_ingr": "2024-11-15 21:49:23 +0000"
    },
    "done": true
  },
  "essentials:recipes/multi_piston_sticky": {
    "criteria": {
      "has_ingr": "2024-11-15 21:49:23 +0000"
    },
    "done": true
  },
  "essentials:recipes/analog_lamp": {
    "criteria": {
      "has_ingr": "2024-11-15 21:49:23 +0000"
    },
    "done": true
  },
  "essentials:recipes/fertile_soil_birch": {
    "criteria": {
      "has_ingr": "2024-11-15 21:49:23 +0000"
    },
    "done": true
  },
  "essentials:recipes/brazier": {
    "criteria": {
      "has_ingr": "2024-11-15 21:49:23 +0000"
    },
    "done": true
  },
  "essentials:recipes/fertile_soil_brown_mushroom": {
    "criteria": {
      "has_ingr": "2024-11-15 21:49:23 +0000"
    },
    "done": true
  },
  "farmersdelight:main/root": {
    "criteria": {
      "seeds": "2024-11-15 21:49:23 +0000"
    },
    "done": true
  },
  "essentials:recipes/fluid_splitter": {
    "criteria": {
      "has_ingr": "2024-11-15 21:49:23 +0000"
    },
    "done": true
  },
  "grimoireofgaia:main/root": {
    "criteria": {
      "join": "2024-11-15 21:49:24 +0000"
    },
    "done": true
  },
  "tombstone:adventure/root": {
    "criteria": {
      "auto": "2024-11-15 21:49:24 +0000"
    },
    "done": true
  },
  "minecraft:adventure/adventuring_time": {
    "criteria": {
      "minecraft:birch_forest": "2024-11-15 22:27:01 +0000",
      "minecraft:savanna_plateau": "2024-11-15 21:51:53 +0000",
      "minecraft:stony_peaks": "2024-11-15 22:25:31 +0000",
      "minecraft:river": "2024-11-15 22:14:28 +0000",
      "minecraft:stony_shore": "2024-11-15 22:13:17 +0000",
      "minecraft:grove": "2024-11-15 22:25:42 +0000",
      "minecraft:jagged_peaks": "2024-11-15 22:25:41 +0000",
      "minecraft:forest": "2024-11-15 22:22:17 +0000",
      "minecraft:savanna": "2024-11-15 21:49:24 +0000"
    },
    "done": false
  },
  "knightquest:recipes/misc/chainmail_helmet2": {
    "criteria": {
      "has_wheat_seeds": "2024-11-15 21:50:23 +0000"
    },
    "done": true
  },
  "valhelsia_furniture:recipes/decorations/white_upholstered_warped_stool": {
    "criteria": {
      "has_white_wool": "2024-11-15 21:51:22 +0000"
    },
    "done": true
  },
  "create:recipes/building_blocks/crafting/kinetics/blue_seat": {
    "criteria": {
      "has_wool": "2024-11-15 21:51:22 +0000"
    },
    "done": true
  },
  "valhelsia_furniture:recipes/decorations/white_upholstered_cherry_chair": {
    "criteria": {
      "has_white_wool": "2024-11-15 21:51:22 +0000"
    },
    "done": true
  },
  "valhelsia_furniture:recipes/decorations/white_upholstered_mangrove_stool": {
    "criteria": {
      "has_white_wool": "2024-11-15 21:51:22 +0000"
    },
    "done": true
  },
  "create:recipes/building_blocks/crafting/kinetics/light_blue_seat": {
    "criteria": {
      "has_wool": "2024-11-15 21:51:22 +0000"
    },
    "done": true
  },
  "valhelsia_furniture:recipes/decorations/white_upholstered_acacia_stool": {
    "criteria": {
      "has_white_wool": "2024-11-15 21:51:22 +0000"
    },
    "done": true
  },
  "valhelsia_furniture:recipes/decorations/white_upholstered_spruce_stool": {
    "criteria": {
      "has_white_wool": "2024-11-15 21:51:22 +0000"
    },
    "done": true
  },
  "comforts:sleeping_bag_white": {
    "criteria": {
      "has_white_wool": "2024-11-15 21:51:22 +0000"
    },
    "done": true
  },
  "valhelsia_furniture:recipes/decorations/white_curtain": {
    "criteria": {
      "has_item": "2024-11-15 21:51:22 +0000"
    },
    "done": true
  },
  "valhelsia_furniture:recipes/decorations/white_upholstered_oak_stool": {
    "criteria": {
      "has_white_wool": "2024-11-15 21:51:22 +0000"
    },
    "done": true
  },
  "cobblemon:recipes/held/silk_scarf": {
    "criteria": {
      "has_wool": "2024-11-15 21:51:22 +0000"
    },
    "done": true
  },
  "valhelsia_furniture:recipes/decorations/white_upholstered_dark_oak_stool": {
    "criteria": {
      "has_white_wool": "2024-11-15 21:51:22 +0000"
    },
    "done": true
  },
  "valhelsia_furniture:recipes/decorations/white_warped_chair": {
    "criteria": {
      "has_white_wool": "2024-11-15 21:51:22 +0000"
    },
    "done": true
  },
  "create:recipes/building_blocks/crafting/kinetics/red_seat": {
    "criteria": {
      "has_wool": "2024-11-15 21:51:22 +0000"
    },
    "done": true
  },
  "create:recipes/building_blocks/crafting/kinetics/light_gray_seat": {
    "criteria": {
      "has_wool": "2024-11-15 21:51:22 +0000"
    },
    "done": true
  },
  "knightquest:recipes/misc/strawhat_leggings": {
    "criteria": {
      "has_white_wool": "2024-11-15 21:51:22 +0000"
    },
    "done": true
  },
  "valhelsia_furniture:recipes/decorations/white_upholstered_birch_stool": {
    "criteria": {
      "has_white_wool": "2024-11-15 21:51:22 +0000"
    },
    "done": true
  },
  "valhelsia_furniture:recipes/decorations/white_upholstered_crimson_stool": {
    "criteria": {
      "has_white_wool": "2024-11-15 21:51:22 +0000"
    },
    "done": true
  },
  "create:recipes/building_blocks/crafting/kinetics/cyan_seat": {
    "criteria": {
      "has_wool": "2024-11-15 21:51:22 +0000"
    },
    "done": true
  },
  "valhelsia_furniture:recipes/decorations/white_acacia_chair": {
    "criteria": {
      "has_white_wool": "2024-11-15 21:51:22 +0000"
    },
    "done": true
  },
  "create:recipes/building_blocks/crafting/kinetics/pink_seat": {
    "criteria": {
      "has_wool": "2024-11-15 21:51:22 +0000"
    },
    "done": true
  },
  "valhelsia_furniture:recipes/decorations/white_crimson_chair": {
    "criteria": {
      "has_white_wool": "2024-11-15 21:51:22 +0000"
    },
    "done": true
  },
  "valhelsia_furniture:recipes/decorations/white_upholstered_acacia_chair": {
    "criteria": {
      "has_white_wool": "2024-11-15 21:51:22 +0000"
    },
    "done": true
  },
  "valhelsia_furniture:recipes/decorations/white_upholstered_jungle_stool": {
    "criteria": {
      "has_white_wool": "2024-11-15 21:51:22 +0000"
    },
    "done": true
  },
  "another_furniture:recipes/white_sofa": {
    "criteria": {
      "has_wool": "2024-11-15 21:51:22 +0000"
    },
    "done": true
  },
  "another_furniture:recipes/white_tall_stool": {
    "criteria": {
      "has_wool": "2024-11-15 21:51:22 +0000"
    },
    "done": true
  },
  "valhelsia_furniture:recipes/decorations/white_spruce_chair": {
    "criteria": {
      "has_white_wool": "2024-11-15 21:51:22 +0000"
    },
    "done": true
  },
  "minecraft:recipes/food/cooked_mutton_from_campfire_cooking": {
    "criteria": {
      "has_mutton": "2024-11-15 21:51:22 +0000"
    },
    "done": true
  },
  "farmersdelight:recipes/cooking/pasta_with_mutton_chop": {
    "criteria": {
      "has_any_ingredient": "2024-11-15 21:51:22 +0000"
    },
    "done": true
  },
  "pfm:recipes/furniture/oak_chair_classic_white": {
    "criteria": {
      "oak_chair_classic_white": "2024-11-15 21:51:22 +0000"
    },
    "done": true
  },
  "valhelsia_furniture:recipes/decorations/white_cherry_chair": {
    "criteria": {
      "has_white_wool": "2024-11-15 21:51:22 +0000"
    },
    "done": true
  },
  "minecraft:recipes/food/cooked_mutton_from_smoking": {
    "criteria": {
      "has_mutton": "2024-11-15 21:51:22 +0000"
    },
    "done": true
  },
  "knightquest:recipes/misc/strawhat_boots": {
    "criteria": {
      "has_white_wool": "2024-11-15 21:51:22 +0000"
    },
    "done": true
  },
  "valhelsia_furniture:recipes/decorations/white_mangrove_chair": {
    "criteria": {
      "has_white_wool": "2024-11-15 21:51:22 +0000"
    },
    "done": true
  },
  "create:recipes/building_blocks/crafting/kinetics/magenta_seat": {
    "criteria": {
      "has_wool": "2024-11-15 21:51:22 +0000"
    },
    "done": true
  },
  "valhelsia_furniture:recipes/decorations/white_upholstered_dark_oak_chair": {
    "criteria": {
      "has_white_wool": "2024-11-15 21:51:22 +0000"
    },
    "done": true
  },
  "valhelsia_furniture:recipes/decorations/white_upholstered_warped_chair": {
    "criteria": {
      "has_white_wool": "2024-11-15 21:51:22 +0000"
    },
    "done": true
  },
  "another_furniture:recipes/white_stool": {
    "criteria": {
      "has_wool": "2024-11-15 21:51:22 +0000"
    },
    "done": true
  },
  "valhelsia_furniture:recipes/decorations/white_upholstered_mangrove_chair": {
    "criteria": {
      "has_white_wool": "2024-11-15 21:51:22 +0000"
    },
    "done": true
  },
  "valhelsia_furniture:recipes/decorations/white_dark_oak_chair": {
    "criteria": {
      "has_white_wool": "2024-11-15 21:51:22 +0000"
    },
    "done": true
  },
  "knightquest:recipes/misc/strawhat_helmet": {
    "criteria": {
      "has_white_wool": "2024-11-15 21:51:22 +0000"
    },
    "done": true
  },
  "valhelsia_furniture:recipes/decorations/white_upholstered_spruce_chair": {
    "criteria": {
      "has_white_wool": "2024-11-15 21:51:22 +0000"
    },
    "done": true
  },
  "another_furniture:recipes/white_curtain": {
    "criteria": {
      "has_wool": "2024-11-15 21:51:22 +0000"
    },
    "done": true
  },
  "travelersbackpack:recipes/misc/sheep": {
    "criteria": {
      "has_white_wool": "2024-11-15 21:51:22 +0000"
    },
    "done": true
  },
  "pfm:recipes/furniture/white_shower_towel": {
    "criteria": {
      "has_white_wool": "2024-11-15 21:51:22 +0000"
    },
    "done": true
  },
  "valhelsia_furniture:recipes/decorations/white_jungle_chair": {
    "criteria": {
      "has_white_wool": "2024-11-15 21:51:22 +0000"
    },
    "done": true
  },
  "minecraft:adventure/root": {
    "criteria": {
      "killed_something": "2024-11-15 21:51:22 +0000"
    },
    "done": true
  },
  "create:recipes/building_blocks/crafting/kinetics/green_seat": {
    "criteria": {
      "has_wool": "2024-11-15 21:51:22 +0000"
    },
    "done": true
  },
  "create:recipes/building_blocks/crafting/kinetics/purple_seat": {
    "criteria": {
      "has_wool": "2024-11-15 21:51:22 +0000"
    },
    "done": true
  },
  "minecraft:recipes/decorations/white_bed": {
    "criteria": {
      "has_white_wool": "2024-11-15 21:51:22 +0000"
    },
    "done": true
  },
  "valhelsia_furniture:recipes/decorations/white_upholstered_cherry_stool": {
    "criteria": {
      "has_white_wool": "2024-11-15 21:51:22 +0000"
    },
    "done": true
  },
  "iceandfire:recipes/misc/dragon_meal": {
    "criteria": {
      "has_item": "2024-11-15 21:51:22 +0000"
    },
    "done": true
  },
  "valhelsia_furniture:recipes/decorations/white_birch_chair": {
    "criteria": {
      "has_white_wool": "2024-11-15 21:51:22 +0000"
    },
    "done": true
  },
  "create:recipes/building_blocks/crafting/kinetics/brown_seat": {
    "criteria": {
      "has_wool": "2024-11-15 21:51:22 +0000"
    },
    "done": true
  },
  "create:recipes/building_blocks/crafting/kinetics/gray_seat": {
    "criteria": {
      "has_wool": "2024-11-15 21:51:22 +0000"
    },
    "done": true
  },
  "minecraft:recipes/decorations/painting": {
    "criteria": {
      "has_wool": "2024-11-15 21:51:22 +0000"
    },
    "done": true
  },
  "create:recipes/building_blocks/crafting/kinetics/orange_seat": {
    "criteria": {
      "has_wool": "2024-11-15 21:51:22 +0000"
    },
    "done": true
  },
  "valhelsia_furniture:recipes/decorations/white_fabric_desk_lamp": {
    "criteria": {
      "has_white_wool": "2024-11-15 21:51:22 +0000"
    },
    "done": true
  },
  "valhelsia_furniture:recipes/decorations/white_upholstered_oak_chair": {
    "criteria": {
      "has_white_wool": "2024-11-15 21:51:22 +0000"
    },
    "done": true
  },
  "travelersbackpack:recipes/decorations/white_sleeping_bag": {
    "criteria": {
      "has_white_wool": "2024-11-15 21:51:22 +0000"
    },
    "done": true
  },
  "knightquest:recipes/misc/strawhat_chestplate": {
    "criteria": {
      "has_white_wool": "2024-11-15 21:51:22 +0000"
    },
    "done": true
  },
  "minecraft:recipes/decorations/white_carpet": {
    "criteria": {
      "has_white_wool": "2024-11-15 21:51:22 +0000"
    },
    "done": true
  },
  "valhelsia_furniture:recipes/decorations/white_upholstered_crimson_chair": {
    "criteria": {
      "has_white_wool": "2024-11-15 21:51:22 +0000"
    },
    "done": true
  },
  "valhelsia_furniture:recipes/decorations/white_upholstered_jungle_chair": {
    "criteria": {
      "has_white_wool": "2024-11-15 21:51:22 +0000"
    },
    "done": true
  },
  "create:recipes/building_blocks/crafting/kinetics/black_seat": {
    "criteria": {
      "has_wool": "2024-11-15 21:51:22 +0000"
    },
    "done": true
  },
  "minecraft:recipes/food/cooked_mutton": {
    "criteria": {
      "has_mutton": "2024-11-15 21:51:22 +0000"
    },
    "done": true
  },
  "another_furniture:recipes/white_lamp": {
    "criteria": {
      "has_wool": "2024-11-15 21:51:22 +0000"
    },
    "done": true
  },
  "minecraft:recipes/decorations/white_banner": {
    "criteria": {
      "has_white_wool": "2024-11-15 21:51:22 +0000"
    },
    "done": true
  },
  "valhelsia_furniture:recipes/decorations/white_oak_chair": {
    "criteria": {
      "has_white_wool": "2024-11-15 21:51:22 +0000"
    },
    "done": true
  },
  "valhelsia_furniture:recipes/decorations/white_upholstered_birch_chair": {
    "criteria": {
      "has_white_wool": "2024-11-15 21:51:22 +0000"
    },
    "done": true
  },
  "create:recipes/building_blocks/crafting/kinetics/white_seat": {
    "criteria": {
      "has_wool": "2024-11-15 21:51:22 +0000"
    },
    "done": true
  },
  "comforts:hammock_white": {
    "criteria": {
      "has_white_wool": "2024-11-15 21:51:22 +0000"
    },
    "done": true
  },
  "create:recipes/building_blocks/crafting/kinetics/lime_seat": {
    "criteria": {
      "has_wool": "2024-11-15 21:51:22 +0000"
    },
    "done": true
  },
  "create:recipes/building_blocks/crafting/kinetics/yellow_seat": {
    "criteria": {
      "has_wool": "2024-11-15 21:51:22 +0000"
    },
    "done": true
  },
  "minecraft:husbandry/balanced_diet": {
    "criteria": {
      "cooked_porkchop": "2024-11-15 22:06:26 +0000",
      "chicken": "2024-11-15 21:55:38 +0000",
      "mutton": "2024-11-15 21:51:25 +0000"
    },
    "done": false
  },
  "minecraft:husbandry/root": {
    "criteria": {
      "consumed_item": "2024-11-15 21:51:25 +0000"
    },
    "done": true
  },
  "minecraft:recipes/decorations/ladder": {
    "criteria": {
      "has_stick": "2024-11-15 21:53:31 +0000"
    },
    "done": true
  },
  "pfm:recipes/furniture/acacia_kitchen_wall_counter": {
    "criteria": {
      "has_planks": "2024-11-15 21:53:31 +0000"
    },
    "done": true
  },
  "minecraft:recipes/tools/wooden_axe": {
    "criteria": {
      "has_stick": "2024-11-15 21:53:31 +0000"
    },
    "done": true
  },
  "pfm:recipes/furniture/acacia_raw_table_log": {
    "criteria": {
      "has_log": "2024-11-15 21:53:31 +0000"
    },
    "done": true
  },
  "another_furniture:recipes/acacia_drawer": {
    "criteria": {
      "has_planks": "2024-11-15 21:53:31 +0000"
    },
    "done": true
  },
  "minecraft:recipes/decorations/campfire": {
    "criteria": {
      "has_stick": "2024-11-15 21:53:31 +0000",
      "has_the_recipe": "2024-11-15 21:53:31 +0000"
    },
    "done": true
  },
  "another_furniture:recipes/cherry_drawer": {
    "criteria": {
      "has_planks": "2024-11-15 21:53:31 +0000"
    },
    "done": true
  },
  "paraglider:recipes/misc/paraglider": {
    "criteria": {
      "has_stick": "2024-11-15 21:53:31 +0000"
    },
    "done": true
  },
  "minecraft:recipes/building_blocks/acacia_wood": {
    "criteria": {
      "has_log": "2024-11-15 21:53:31 +0000"
    },
    "done": true
  },
  "minecraft:recipes/combat/wooden_sword": {
    "criteria": {
      "has_stick": "2024-11-15 21:53:31 +0000"
    },
    "done": true
  },
  "another_furniture:recipes/warped_drawer": {
    "criteria": {
      "has_planks": "2024-11-15 21:53:31 +0000"
    },
    "done": true
  },
  "vinery:recipes/dark_cherry_fence": {
    "criteria": {
      "has_stick": "2024-11-15 21:53:31 +0000"
    },
    "done": true
  },
  "another_furniture:recipes/jungle_drawer": {
    "criteria": {
      "has_planks": "2024-11-15 21:53:31 +0000"
    },
    "done": true
  },
  "vinery:recipes/dark_cherry_fence_gate": {
    "criteria": {
      "has_stick": "2024-11-15 21:53:31 +0000"
    },
    "done": true
  },
  "minecraft:recipes/tools/wooden_pickaxe": {
    "criteria": {
      "has_stick": "2024-11-15 21:53:31 +0000"
    },
    "done": true
  },
  "pfm:recipes/furniture/acacia_kitchen_drawer": {
    "criteria": {
      "has_planks": "2024-11-15 21:53:31 +0000"
    },
    "done": true
  },
  "another_furniture:recipes/mangrove_drawer": {
    "criteria": {
      "has_planks": "2024-11-15 21:53:31 +0000"
    },
    "done": true
  },
  "pfm:recipes/furniture/acacia_kitchen_counter": {
    "criteria": {
      "has_planks": "2024-11-15 21:53:31 +0000"
    },
    "done": true
  },
  "another_furniture:recipes/furniture_hammer": {
    "criteria": {
      "has_stick": "2024-11-15 21:53:31 +0000"
    },
    "done": true
  },
  "another_furniture:recipes/birch_drawer": {
    "criteria": {
      "has_planks": "2024-11-15 21:53:31 +0000"
    },
    "done": true
  },
  "minecraft:recipes/building_blocks/acacia_planks": {
    "criteria": {
      "has_log": "2024-11-15 21:53:31 +0000"
    },
    "done": true
  },
  "another_furniture:recipes/oak_drawer": {
    "criteria": {
      "has_planks": "2024-11-15 21:53:31 +0000"
    },
    "done": true
  },
  "another_furniture:recipes/dark_oak_drawer": {
    "criteria": {
      "has_planks": "2024-11-15 21:53:31 +0000"
    },
    "done": true
  },
  "pfm:recipes/furniture/acacia_kitchen_wall_drawer": {
    "criteria": {
      "has_planks": "2024-11-15 21:53:31 +0000"
    },
    "done": true
  },
  "another_furniture:recipes/spruce_drawer": {
    "criteria": {
      "has_planks": "2024-11-15 21:53:31 +0000"
    },
    "done": true
  },
  "minecraft:recipes/tools/wooden_hoe": {
    "criteria": {
      "has_stick": "2024-11-15 21:53:31 +0000"
    },
    "done": true
  },
  "pfm:recipes/furniture/acacia_kitchen_wall_small_drawer": {
    "criteria": {
      "has_planks": "2024-11-15 21:53:31 +0000"
    },
    "done": true
  },
  "minecraft:recipes/misc/charcoal": {
    "criteria": {
      "has_log": "2024-11-15 21:53:31 +0000"
    },
    "done": true
  },
  "vinery:recipes/campfire": {
    "criteria": {
      "has_stick": "2024-11-15 21:53:31 +0000"
    },
    "done": true
  },
  "minecraft:recipes/tools/wooden_shovel": {
    "criteria": {
      "has_stick": "2024-11-15 21:53:31 +0000"
    },
    "done": true
  },
  "another_furniture:recipes/bamboo_drawer": {
    "criteria": {
      "has_planks": "2024-11-15 21:53:31 +0000"
    },
    "done": true
  },
  "pfm:recipes/furniture/acacia_kitchen_counter_oven": {
    "criteria": {
      "has_planks": "2024-11-15 21:53:31 +0000"
    },
    "done": true
  },
  "pfm:recipes/furniture/acacia_kitchen_cabinet": {
    "criteria": {
      "has_planks": "2024-11-15 21:53:31 +0000"
    },
    "done": true
  },
  "farmersdelight:recipes/combat/flint_knife": {
    "criteria": {
      "has_stick": "2024-11-15 21:53:31 +0000"
    },
    "done": true
  },
  "forbidden_arcanus:recipes/building_blocks/edelwood_ladder": {
    "criteria": {
      "has_rods/wooden": "2024-11-15 21:53:31 +0000"
    },
    "done": true
  },
  "vinery:recipes/grapevine_lattice": {
    "criteria": {
      "has_stick": "2024-11-15 21:53:31 +0000"
    },
    "done": true
  },
  "pfm:recipes/furniture/acacia_log_stool": {
    "criteria": {
      "has_log": "2024-11-15 21:53:31 +0000"
    },
    "done": true
  },
  "another_furniture:recipes/crimson_drawer": {
    "criteria": {
      "has_planks": "2024-11-15 21:53:31 +0000"
    },
    "done": true
  },
  "pfm:recipes/furniture/acacia_kitchen_sink": {
    "criteria": {
      "has_planks": "2024-11-15 21:53:31 +0000"
    },
    "done": true
  },
  "farmersdelight:recipes/decorations/cutting_board": {
    "criteria": {
      "has_stick": "2024-11-15 21:53:31 +0000"
    },
    "done": true
  },
  "cobblemon:root": {
    "criteria": {
      "picked_starter": "2024-11-15 21:53:53 +0000"
    },
    "done": true
  },
  "another_furniture:recipes/acacia_shelf": {
    "criteria": {
      "has_planks": "2024-11-15 21:53:59 +0000"
    },
    "done": true
  },
  "pfm:recipes/furniture/acacia_modern_stool": {
    "criteria": {
      "has_planks": "2024-11-15 21:53:59 +0000"
    },
    "done": true
  },
  "valhelsia_furniture:recipes/decorations/blue_acacia_chair": {
    "criteria": {
      "has_acacia_planks": "2024-11-15 21:53:59 +0000"
    },
    "done": true
  },
  "minecraft:recipes/misc/stick": {
    "criteria": {
      "has_planks": "2024-11-15 21:53:59 +0000"
    },
    "done": true
  },
  "pfm:recipes/furniture/acacia_chair": {
    "criteria": {
      "has_planks": "2024-11-15 21:53:59 +0000"
    },
    "done": true
  },
  "valhelsia_furniture:recipes/decorations/lime_upholstered_acacia_chair": {
    "criteria": {
      "has_acacia_planks": "2024-11-15 21:53:59 +0000"
    },
    "done": true
  },
  "pfm:recipes/root": {
    "criteria": {
      "has_planks": "2024-11-15 21:53:59 +0000"
    },
    "done": true
  },
  "minecraft:recipes/building_blocks/acacia_stairs": {
    "criteria": {
      "has_planks": "2024-11-15 21:53:59 +0000"
    },
    "done": true
  },
  "valhelsia_furniture:recipes/decorations/magenta_acacia_chair": {
    "criteria": {
      "has_acacia_planks": "2024-11-15 21:53:59 +0000"
    },
    "done": true
  },
  "valhelsia_furniture:recipes/decorations/purple_upholstered_acacia_chair": {
    "criteria": {
      "has_acacia_planks": "2024-11-15 21:53:59 +0000"
    },
    "done": true
  },
  "valhelsia_furniture:recipes/decorations/yellow_acacia_chair": {
    "criteria": {
      "has_acacia_planks": "2024-11-15 21:53:59 +0000"
    },
    "done": true
  },
  "create:recipes/building_blocks/acacia_window": {
    "criteria": {
      "has_ingredient": "2024-11-15 21:53:59 +0000"
    },
    "done": true
  },
  "valhelsia_furniture:recipes/decorations/lime_acacia_chair": {
    "criteria": {
      "has_acacia_planks": "2024-11-15 21:53:59 +0000"
    },
    "done": true
  },
  "minecraft:recipes/decorations/acacia_sign": {
    "criteria": {
      "has_planks": "2024-11-15 21:53:59 +0000"
    },
    "done": true
  },
  "another_furniture:recipes/acacia_chair": {
    "criteria": {
      "has_planks": "2024-11-15 21:53:59 +0000"
    },
    "done": true
  },
  "valhelsia_furniture:recipes/decorations/cyan_acacia_chair": {
    "criteria": {
      "has_acacia_planks": "2024-11-15 21:53:59 +0000"
    },
    "done": true
  },
  "valhelsia_furniture:recipes/decorations/black_acacia_chair": {
    "criteria": {
      "has_acacia_planks": "2024-11-15 21:53:59 +0000"
    },
    "done": true
  },
  "valhelsia_furniture:recipes/decorations/pink_acacia_chair": {
    "criteria": {
      "has_acacia_planks": "2024-11-15 21:53:59 +0000"
    },
    "done": true
  },
  "valhelsia_furniture:recipes/decorations/green_acacia_chair": {
    "criteria": {
      "has_acacia_planks": "2024-11-15 21:53:59 +0000"
    },
    "done": true
  },
  "valhelsia_furniture:recipes/decorations/gray_acacia_chair": {
    "criteria": {
      "has_acacia_planks": "2024-11-15 21:53:59 +0000"
    },
    "done": true
  },
  "valhelsia_furniture:recipes/decorations/magenta_upholstered_acacia_chair": {
    "criteria": {
      "has_acacia_planks": "2024-11-15 21:53:59 +0000"
    },
    "done": true
  },
  "vinery:recipes/acacia_wine_rack_big": {
    "criteria": {
      "has_acacia_planks": "2024-11-15 21:53:59 +0000"
    },
    "done": true
  },
  "minecraft:recipes/redstone/acacia_pressure_plate": {
    "criteria": {
      "has_planks": "2024-11-15 21:53:59 +0000"
    },
    "done": true
  },
  "pfm:recipes/furniture/acacia_chair_classic": {
    "criteria": {
      "has_planks": "2024-11-15 21:53:59 +0000"
    },
    "done": true
  },
  "minecraft:recipes/building_blocks/acacia_slab": {
    "criteria": {
      "has_planks": "2024-11-15 21:53:59 +0000"
    },
    "done": true
  },
  "valhelsia_furniture:recipes/decorations/acacia_desk": {
    "criteria": {
      "has_acacia_planks": "2024-11-15 21:53:59 +0000"
    },
    "done": true
  },
  "iceandfire:recipes/misc/earplugs": {
    "criteria": {
      "has_item": "2024-11-15 21:53:59 +0000"
    },
    "done": true
  },
  "valhelsia_furniture:recipes/decorations/blue_upholstered_acacia_chair": {
    "criteria": {
      "has_acacia_planks": "2024-11-15 21:53:59 +0000"
    },
    "done": true
  },
  "pfm:recipes/furniture/acacia_table_basic": {
    "criteria": {
      "has_planks": "2024-11-15 21:53:59 +0000"
    },
    "done": true
  },
  "valhelsia_furniture:recipes/decorations/acacia_table": {
    "criteria": {
      "has_acacia_planks": "2024-11-15 21:53:59 +0000"
    },
    "done": true
  },
  "valhelsia_furniture:recipes/decorations/orange_acacia_chair": {
    "criteria": {
      "has_acacia_planks": "2024-11-15 21:53:59 +0000"
    },
    "done": true
  },
  "minecraft:recipes/decorations/acacia_fence": {
    "criteria": {
      "has_planks": "2024-11-15 21:53:59 +0000"
    },
    "done": true
  },
  "pfm:recipes/furniture/acacia_table_modern_dinner": {
    "criteria": {
      "has_planks": "2024-11-15 21:53:59 +0000"
    },
    "done": true
  },
  "minecraft:recipes/redstone/acacia_button": {
    "criteria": {
      "has_planks": "2024-11-15 21:53:59 +0000"
    },
    "done": true
  },
  "valhelsia_furniture:recipes/decorations/purple_acacia_chair": {
    "criteria": {
      "has_acacia_planks": "2024-11-15 21:53:59 +0000"
    },
    "done": true
  },
  "vinery:recipes/acacia_wine_rack_small": {
    "criteria": {
      "has_acacia_planks": "2024-11-15 21:53:59 +0000"
    },
    "done": true
  },
  "another_furniture:recipes/acacia_table": {
    "criteria": {
      "has_planks": "2024-11-15 21:53:59 +0000"
    },
    "done": true
  },
  "valhelsia_furniture:recipes/decorations/light_blue_upholstered_acacia_chair": {
    "criteria": {
      "has_acacia_planks": "2024-11-15 21:53:59 +0000"
    },
    "done": true
  },
  "pfm:recipes/furniture/acacia_classic_nightstand": {
    "criteria": {
      "has_planks": "2024-11-15 21:53:59 +0000"
    },
    "done": true
  },
  "valhelsia_furniture:recipes/decorations/gray_upholstered_acacia_chair": {
    "criteria": {
      "has_acacia_planks": "2024-11-15 21:53:59 +0000"
    },
    "done": true
  },
  "minecraft:recipes/redstone/acacia_door": {
    "criteria": {
      "has_planks": "2024-11-15 21:53:59 +0000"
    },
    "done": true
  },
  "pfm:recipes/furniture/acacia_table_dinner": {
    "criteria": {
      "has_planks": "2024-11-15 21:53:59 +0000"
    },
    "done": true
  },
  "valhelsia_furniture:recipes/decorations/pink_upholstered_acacia_chair": {
    "criteria": {
      "has_acacia_planks": "2024-11-15 21:53:59 +0000"
    },
    "done": true
  },
  "pfm:recipes/furniture/acacia_table_log": {
    "criteria": {
      "has_log": "2024-11-15 21:53:59 +0000"
    },
    "done": true
  },
  "pfm:recipes/furniture/acacia_simple_bunk_ladder": {
    "criteria": {
      "has_planks": "2024-11-15 21:53:59 +0000"
    },
    "done": true
  },
  "pfm:recipes/furniture/acacia_classic_stool": {
    "criteria": {
      "has_planks": "2024-11-15 21:53:59 +0000"
    },
    "done": true
  },
  "valhelsia_furniture:recipes/decorations/yellow_upholstered_acacia_chair": {
    "criteria": {
      "has_acacia_planks": "2024-11-15 21:53:59 +0000"
    },
    "done": true
  },
  "pfm:recipes/furniture/acacia_chair_modern": {
    "criteria": {
      "has_planks": "2024-11-15 21:53:59 +0000"
    },
    "done": true
  },
  "minecraft:recipes/decorations/barrel": {
    "criteria": {
      "has_planks": "2024-11-15 21:53:59 +0000"
    },
    "done": true
  },
  "valhelsia_furniture:recipes/decorations/brown_acacia_chair": {
    "criteria": {
      "has_acacia_planks": "2024-11-15 21:53:59 +0000"
    },
    "done": true
  },
  "valhelsia_furniture:recipes/decorations/green_upholstered_acacia_chair": {
    "criteria": {
      "has_acacia_planks": "2024-11-15 21:53:59 +0000"
    },
    "done": true
  },
  "pfm:recipes/furniture/acacia_table_classic": {
    "criteria": {
      "has_planks": "2024-11-15 21:53:59 +0000"
    },
    "done": true
  },
  "valhelsia_furniture:recipes/decorations/acacia_chair": {
    "criteria": {
      "has_acacia_planks": "2024-11-15 21:53:59 +0000"
    },
    "done": true
  },
  "valhelsia_furniture:recipes/decorations/cyan_upholstered_acacia_chair": {
    "criteria": {
      "has_acacia_planks": "2024-11-15 21:53:59 +0000"
    },
    "done": true
  },
  "valhelsia_furniture:recipes/decorations/red_upholstered_acacia_chair": {
    "criteria": {
      "has_acacia_planks": "2024-11-15 21:53:59 +0000"
    },
    "done": true
  },
  "minecraft:recipes/redstone/acacia_trapdoor": {
    "criteria": {
      "has_planks": "2024-11-15 21:53:59 +0000"
    },
    "done": true
  },
  "valhelsia_furniture:recipes/decorations/black_upholstered_acacia_chair": {
    "criteria": {
      "has_acacia_planks": "2024-11-15 21:53:59 +0000"
    },
    "done": true
  },
  "pfm:recipes/furniture/acacia_simple_stool": {
    "criteria": {
      "has_planks": "2024-11-15 21:53:59 +0000"
    },
    "done": true
  },
  "valhelsia_furniture:recipes/decorations/hay_acacia_chair": {
    "criteria": {
      "has_acacia_planks": "2024-11-15 21:53:59 +0000"
    },
    "done": true
  },
  "minecraft:recipes/redstone/acacia_fence_gate": {
    "criteria": {
      "has_planks": "2024-11-15 21:53:59 +0000"
    },
    "done": true
  },
  "valhelsia_furniture:recipes/decorations/orange_upholstered_acacia_chair": {
    "criteria": {
      "has_acacia_planks": "2024-11-15 21:53:59 +0000"
    },
    "done": true
  },
  "forbidden_arcanus:recipes/tools/wooden_blacksmith_gavel": {
    "criteria": {
      "has_planks": "2024-11-15 21:53:59 +0000"
    },
    "done": true
  },
  "valhelsia_furniture:recipes/decorations/light_gray_upholstered_acacia_chair": {
    "criteria": {
      "has_acacia_planks": "2024-11-15 21:53:59 +0000"
    },
    "done": true
  },
  "valhelsia_furniture:recipes/decorations/acacia_desk_drawer": {
    "criteria": {
      "has_acacia_planks": "2024-11-15 21:53:59 +0000"
    },
    "done": true
  },
  "valhelsia_furniture:recipes/decorations/brown_upholstered_acacia_chair": {
    "criteria": {
      "has_acacia_planks": "2024-11-15 21:53:59 +0000"
    },
    "done": true
  },
  "valhelsia_furniture:recipes/decorations/light_gray_acacia_chair": {
    "criteria": {
      "has_acacia_planks": "2024-11-15 21:53:59 +0000"
    },
    "done": true
  },
  "valhelsia_furniture:recipes/decorations/light_blue_acacia_chair": {
    "criteria": {
      "has_acacia_planks": "2024-11-15 21:53:59 +0000"
    },
    "done": true
  },
  "valhelsia_furniture:recipes/decorations/red_acacia_chair": {
    "criteria": {
      "has_acacia_planks": "2024-11-15 21:53:59 +0000"
    },
    "done": true
  },
  "pfm:recipes/furniture/acacia_chair_dinner": {
    "criteria": {
      "has_planks": "2024-11-15 21:53:59 +0000"
    },
    "done": true
  },
  "paraglider:root": {
    "criteria": {
      "crafting_table": "2024-11-15 21:54:06 +0000"
    },
    "done": true
  },
  "travelersbackpack:recipes/misc/crafting_upgrade": {
    "criteria": {
      "has_crafting_table": "2024-11-15 21:54:06 +0000"
    },
    "done": true
  },
  "create:recipes/misc/crafting/appliances/crafting_blueprint": {
    "criteria": {
      "has_item": "2024-11-15 21:54:06 +0000"
    },
    "done": true
  },
  "minecraft:story/root": {
    "criteria": {
      "crafting_table": "2024-11-15 21:54:06 +0000"
    },
    "done": true
  },
  "cobblemon:obtain_berry": {
    "criteria": {
      "check_inv": "2024-11-15 21:55:11 +0000"
    },
    "done": true
  },
  "pfm:recipes/furniture/lime_simple_sofa": {
    "criteria": {
      "has_wool": "2024-11-15 21:55:11 +0000"
    },
    "done": true
  },
  "pfm:recipes/furniture/dark_oak_white_simple_bed": {
    "criteria": {
      "has_bed": "2024-11-15 21:55:11 +0000"
    },
    "done": true
  },
  "pfm:recipes/furniture/bamboo_white_simple_bed": {
    "criteria": {
      "has_bed": "2024-11-15 21:55:11 +0000"
    },
    "done": true
  },
  "minecraft:recipes/food/cooked_chicken_from_campfire_cooking": {
    "criteria": {
      "has_chicken": "2024-11-15 21:55:11 +0000"
    },
    "done": true
  },
  "knightquest:recipes/misc/bow_chestplate": {
    "criteria": {
      "has_arrow": "2024-11-15 21:55:11 +0000"
    },
    "done": true
  },
  "pfm:recipes/furniture/mangrove_white_simple_bed": {
    "criteria": {
      "has_bed": "2024-11-15 21:55:11 +0000"
    },
    "done": true
  },
  "cobblemon:recipes/balls/premier_ball": {
    "criteria": {
      "has_white_apricorn": "2024-11-15 21:55:11 +0000"
    },
    "done": true
  },
  "iceandfire:recipes/misc/dragon_bone_wall": {
    "criteria": {
      "has_item": "2024-11-15 21:55:11 +0000"
    },
    "done": true
  },
  "pfm:recipes/furniture/pink_arm_chair": {
    "criteria": {
      "has_wool": "2024-11-15 21:55:11 +0000"
    },
    "done": true
  },
  "farmersdelight:recipes/cooking/chicken_soup": {
    "criteria": {
      "has_any_ingredient": "2024-11-15 21:55:11 +0000"
    },
    "done": true
  },
  "cobblemon:recipes/consumables/calm_mint": {
    "criteria": {
      "has_benefit_mint": "2024-11-15 21:55:11 +0000",
      "has_detriment_mint": "2024-11-15 21:55:11 +0000"
    },
    "done": true
  },
  "valhelsia_furniture:recipes/decorations/lime_upholstered_spruce_chair": {
    "criteria": {
      "has_spruce_planks": "2024-11-15 21:55:11 +0000"
    },
    "done": true
  },
  "minecraft:recipes/decorations/chest": {
    "criteria": {
      "has_lots_of_items": "2024-11-15 21:55:11 +0000"
    },
    "done": true
  },
  "pfm:recipes/furniture/oak_kitchen_wall_drawer": {
    "criteria": {
      "has_planks": "2024-11-15 21:55:11 +0000"
    },
    "done": true
  },
  "pfm:recipes/furniture/magenta_simple_sofa": {
    "criteria": {
      "has_wool": "2024-11-15 21:55:11 +0000"
    },
    "done": true
  },
  "minecraft:recipes/building_blocks/cherry_planks": {
    "criteria": {
      "has_log": "2024-11-15 21:55:11 +0000"
    },
    "done": true
  },
  "knightquest:recipes/misc/bow_helmet": {
    "criteria": {
      "has_arrow": "2024-11-15 21:55:11 +0000"
    },
    "done": true
  },
  "valhelsia_furniture:recipes/decorations/gray_spruce_chair": {
    "criteria": {
      "has_spruce_planks": "2024-11-15 21:55:11 +0000"
    },
    "done": true
  },
  "vinery:recipes/dirt_slab": {
    "criteria": {
      "has_dirt": "2024-11-15 21:55:11 +0000"
    },
    "done": true
  },
  "pfm:recipes/furniture/acacia_white_classic_bed": {
    "criteria": {
      "has_bed": "2024-11-15 21:55:11 +0000"
    },
    "done": true
  },
  "pfm:recipes/furniture/green_simple_sofa": {
    "criteria": {
      "has_wool": "2024-11-15 21:55:11 +0000"
    },
    "done": true
  },
  "pfm:recipes/furniture/edelwood_forbidden_arcanus_white_simple_bed": {
    "criteria": {
      "has_bed": "2024-11-15 21:55:11 +0000"
    },
    "done": true
  },
  "pfm:recipes/furniture/oak_kitchen_sink": {
    "criteria": {
      "has_planks": "2024-11-15 21:55:11 +0000"
    },
    "done": true
  },
  "pfm:recipes/furniture/blue_arm_chair": {
    "criteria": {
      "has_wool": "2024-11-15 21:55:11 +0000"
    },
    "done": true
  },
  "pfm:recipes/furniture/rotten_betterarcheology_white_classic_bed": {
    "criteria": {
      "has_bed": "2024-11-15 21:55:11 +0000"
    },
    "done": true
  },
  "valhelsia_furniture:recipes/decorations/light_gray_spruce_chair": {
    "criteria": {
      "has_spruce_planks": "2024-11-15 21:55:11 +0000"
    },
    "done": true
  },
  "valhelsia_furniture:recipes/decorations/pink_spruce_chair": {
    "criteria": {
      "has_spruce_planks": "2024-11-15 21:55:11 +0000"
    },
    "done": true
  },
  "pfm:recipes/furniture/aurum_forbidden_arcanus_white_classic_bed": {
    "criteria": {
      "has_bed": "2024-11-15 21:55:11 +0000"
    },
    "done": true
  },
  "pfm:recipes/furniture/stone_kitchen_cabinet": {
    "criteria": {
      "has_planks": "2024-11-15 21:55:11 +0000"
    },
    "done": true
  },
  "another_furniture:recipes/spruce_shelf": {
    "criteria": {
      "has_planks": "2024-11-15 21:55:11 +0000"
    },
    "done": true
  },
  "cobblemon:any_plant": {
    "criteria": {
      "check_inv": "2024-11-15 21:55:11 +0000"
    },
    "done": true
  },
  "iceandfire:recipes/misc/skull_to_bone_meal": {
    "criteria": {
      "has_item": "2024-11-15 21:55:11 +0000"
    },
    "done": true
  },
  "valhelsia_furniture:recipes/decorations/black_spruce_chair": {
    "criteria": {
      "has_spruce_planks": "2024-11-15 21:55:11 +0000"
    },
    "done": true
  },
  "minecraft:recipes/redstone/spruce_button": {
    "criteria": {
      "has_planks": "2024-11-15 21:55:11 +0000"
    },
    "done": true
  },
  "pfm:recipes/furniture/warped_white_classic_bed": {
    "criteria": {
      "has_bed": "2024-11-15 21:55:11 +0000"
    },
    "done": true
  },
  "pfm:recipes/furniture/cherry_kitchen_counter_oven": {
    "criteria": {
      "has_planks": "2024-11-15 21:55:11 +0000"
    },
    "done": true
  },
  "pfm:recipes/furniture/spruce_simple_stool": {
    "criteria": {
      "has_planks": "2024-11-15 21:55:11 +0000"
    },
    "done": true
  },
  "pfm:recipes/furniture/oak_raw_table_log": {
    "criteria": {
      "has_log": "2024-11-15 21:55:11 +0000"
    },
    "done": true
  },
  "travelersbackpack:recipes/misc/skeleton": {
    "criteria": {
      "has_arrow": "2024-11-15 21:55:11 +0000"
    },
    "done": true
  },
  "pfm:recipes/furniture/stone_kitchen_wall_drawer": {
    "criteria": {
      "has_planks": "2024-11-15 21:55:11 +0000"
    },
    "done": true
  },
  "pfm:recipes/furniture/crimson_white_classic_bed": {
    "criteria": {
      "has_bed": "2024-11-15 21:55:11 +0000"
    },
    "done": true
  },
  "pfm:recipes/furniture/spruce_white_simple_bed": {
    "criteria": {
      "has_bed": "2024-11-15 21:55:11 +0000"
    },
    "done": true
  },
  "pfm:recipes/furniture/warped_white_simple_bed": {
    "criteria": {
      "has_bed": "2024-11-15 21:55:11 +0000"
    },
    "done": true
  },
  "minecraft:recipes/food/cooked_chicken_from_smoking": {
    "criteria": {
      "has_chicken": "2024-11-15 21:55:11 +0000"
    },
    "done": true
  },
  "iceandfire:recipes/building_blocks/dragon_bone_block": {
    "criteria": {
      "has_dragonbone": "2024-11-15 21:55:11 +0000"
    },
    "done": true
  },
  "pfm:recipes/furniture/cherry_kitchen_wall_drawer": {
    "criteria": {
      "has_planks": "2024-11-15 21:55:11 +0000"
    },
    "done": true
  },
  "valhelsia_furniture:recipes/decorations/lime_spruce_chair": {
    "criteria": {
      "has_spruce_planks": "2024-11-15 21:55:11 +0000"
    },
    "done": true
  },
  "pfm:recipes/furniture/white_arm_chair": {
    "criteria": {
      "has_wool": "2024-11-15 21:55:11 +0000"
    },
    "done": true
  },
  "valhelsia_furniture:recipes/decorations/hay_spruce_chair": {
    "criteria": {
      "has_spruce_planks": "2024-11-15 21:55:11 +0000"
    },
    "done": true
  },
  "pfm:recipes/furniture/black_arm_chair": {
    "criteria": {
      "has_wool": "2024-11-15 21:55:11 +0000"
    },
    "done": true
  },
  "minecraft:recipes/building_blocks/cobblestone_slab": {
    "criteria": {
      "has_cobblestone": "2024-11-15 21:55:11 +0000"
    },
    "done": true
  },
  "pfm:recipes/furniture/purple_arm_chair": {
    "criteria": {
      "has_wool": "2024-11-15 21:55:11 +0000"
    },
    "done": true
  },
  "pfm:recipes/furniture/fungyss_forbidden_arcanus_white_classic_bed": {
    "criteria": {
      "has_bed": "2024-11-15 21:55:11 +0000"
    },
    "done": true
  },
  "valhelsia_furniture:recipes/decorations/light_blue_spruce_chair": {
    "criteria": {
      "has_spruce_planks": "2024-11-15 21:55:11 +0000"
    },
    "done": true
  },
  "minecraft:recipes/building_blocks/oak_planks": {
    "criteria": {
      "has_logs": "2024-11-15 21:55:11 +0000"
    },
    "done": true
  },
  "cobblemon:obtain_all_mints": {
    "criteria": {
      "obtain_white_mint_leaf": "2024-11-15 21:55:11 +0000",
      "obtain_pink_mint_leaf": "2024-11-15 21:55:11 +0000",
      "obtain_red_mint_leaf": "2024-11-15 21:55:11 +0000"
    },
    "done": false
  },
  "minecraft:recipes/decorations/cobblestone_wall_from_cobblestone_stonecutting": {
    "criteria": {
      "has_cobblestone": "2024-11-15 21:55:11 +0000"
    },
    "done": true
  },
  "pfm:recipes/furniture/oak_white_simple_bed": {
    "criteria": {
      "has_bed": "2024-11-15 21:55:11 +0000"
    },
    "done": true
  },
  "valhelsia_furniture:recipes/decorations/purple_upholstered_spruce_chair": {
    "criteria": {
      "has_spruce_planks": "2024-11-15 21:55:11 +0000"
    },
    "done": true
  },
  "minecraft:recipes/building_blocks/cobblestone_stairs": {
    "criteria": {
      "has_cobblestone": "2024-11-15 21:55:11 +0000"
    },
    "done": true
  },
  "pfm:recipes/furniture/spruce_table_modern_dinner": {
    "criteria": {
      "has_planks": "2024-11-15 21:55:11 +0000"
    },
    "done": true
  },
  "pfm:recipes/furniture/jungle_white_simple_bed": {
    "criteria": {
      "has_bed": "2024-11-15 21:55:11 +0000"
    },
    "done": true
  },
  "pfm:recipes/furniture/rotten_betterarcheology_white_simple_bed": {
    "criteria": {
      "has_bed": "2024-11-15 21:55:11 +0000"
    },
    "done": true
  },
  "tombstone:adventure/funeral_theft": {
    "criteria": {
      "coded_trigger": "2024-11-15 21:55:11 +0000"
    },
    "done": true
  },
  "pfm:recipes/furniture/cherry_kitchen_sink": {
    "criteria": {
      "has_planks": "2024-11-15 21:55:11 +0000"
    },
    "done": true
  },
  "minecraft:recipes/redstone/lever": {
    "criteria": {
      "has_cobblestone": "2024-11-15 21:55:11 +0000"
    },
    "done": true
  },
  "travelersbackpack:recipes/misc/coal": {
    "criteria": {
      "has_coal": "2024-11-15 21:55:11 +0000"
    },
    "done": true
  },
  "pfm:recipes/furniture/birch_white_classic_bed": {
    "criteria": {
      "has_bed": "2024-11-15 21:55:11 +0000"
    },
    "done": true
  },
  "cobblemon:recipes/balls/heal_ball": {
    "criteria": {
      "has_white_apricorn": "2024-11-15 21:55:11 +0000",
      "has_pink_apricorn": "2024-11-15 22:27:49 +0000"
    },
    "done": true
  },
  "vinery:recipes/stackable_log": {
    "criteria": {
      "has_oak_log": "2024-11-15 21:55:11 +0000"
    },
    "done": true
  },
  "pfm:recipes/furniture/stone_kitchen_wall_small_drawer": {
    "criteria": {
      "has_planks": "2024-11-15 21:55:11 +0000"
    },
    "done": true
  },
  "pfm:recipes/furniture/thornwood_alexscaves_white_simple_bed": {
    "criteria": {
      "has_bed": "2024-11-15 21:55:11 +0000"
    },
    "done": true
  },
  "pfm:recipes/furniture/light_gray_arm_chair": {
    "criteria": {
      "has_wool": "2024-11-15 21:55:11 +0000"
    },
    "done": true
  },
  "minecraft:recipes/combat/stone_sword": {
    "criteria": {
      "has_cobblestone": "2024-11-15 21:55:11 +0000"
    },
    "done": true
  },
  "minecraft:recipes/decorations/cobblestone_wall": {
    "criteria": {
      "has_cobblestone": "2024-11-15 21:55:11 +0000"
    },
    "done": true
  },
  "valhelsia_furniture:recipes/decorations/magenta_upholstered_spruce_chair": {
    "criteria": {
      "has_spruce_planks": "2024-11-15 21:55:11 +0000"
    },
    "done": true
  },
  "minecraft:recipes/tools/stone_axe": {
    "criteria": {
      "has_cobblestone": "2024-11-15 21:55:11 +0000"
    },
    "done": true
  },
  "vinery:main/wild_crops": {
    "criteria": {
      "red_grape_seeds": "2024-11-15 21:55:11 +0000"
    },
    "done": true
  },
  "cobblemon:recipes/consumables/rash_mint": {
    "criteria": {
      "has_detriment_mint": "2024-11-15 21:55:11 +0000"
    },
    "done": false
  },
  "iceandfire:recipes/tools/silver_ingot_from_smelting_raw_silver": {
    "criteria": {
      "has_raw_silver": "2024-11-15 21:55:11 +0000"
    },
    "done": true
  },
  "pfm:recipes/furniture/lime_arm_chair": {
    "criteria": {
      "has_wool": "2024-11-15 21:55:11 +0000"
    },
    "done": true
  },
  "knightquest:recipes/misc/bow_boots": {
    "criteria": {
      "has_arrow": "2024-11-15 21:55:11 +0000"
    },
    "done": true
  },
  "pfm:recipes/furniture/light_gray_simple_sofa": {
    "criteria": {
      "has_wool": "2024-11-15 21:55:11 +0000"
    },
    "done": true
  },
  "pfm:recipes/furniture/cherry_kitchen_cabinet": {
    "criteria": {
      "has_planks": "2024-11-15 21:55:11 +0000"
    },
    "done": true
  },
  "minecraft:recipes/decorations/spruce_sign": {
    "criteria": {
      "has_planks": "2024-11-15 21:55:11 +0000"
    },
    "done": true
  },
  "cobblemon:recipes/balls/moon_ball": {
    "criteria": {
      "has_white_apricorn": "2024-11-15 21:55:11 +0000"
    },
    "done": false
  },
  "cobblemon:recipes/balls/dusk_ball": {
    "criteria": {
      "has_green_apricorn": "2024-11-15 21:55:11 +0000"
    },
    "done": false
  },
  "cobblemon:recipes/held/power_weight": {
    "criteria": {
      "has_mint": "2024-11-15 21:55:11 +0000"
    },
    "done": true
  },
  "pfm:recipes/furniture/oak_white_classic_bed": {
    "criteria": {
      "has_bed": "2024-11-15 21:55:11 +0000"
    },
    "done": true
  },
  "pfm:recipes/furniture/yellow_simple_sofa": {
    "criteria": {
      "has_wool": "2024-11-15 21:55:11 +0000"
    },
    "done": true
  },
  "valhelsia_furniture:recipes/decorations/black_upholstered_spruce_chair": {
    "criteria": {
      "has_spruce_planks": "2024-11-15 21:55:11 +0000"
    },
    "done": true
  },
  "pfm:recipes/furniture/white_simple_sofa": {
    "criteria": {
      "has_wool": "2024-11-15 21:55:11 +0000"
    },
    "done": true
  },
  "cobblemon:recipes/balls/safari_ball": {
    "criteria": {
      "has_green_apricorn": "2024-11-15 21:55:11 +0000",
      "has_white_apricorn": "2024-11-15 21:55:11 +0000"
    },
    "done": false
  },
  "minecraft:recipes/building_blocks/cherry_wood": {
    "criteria": {
      "has_log": "2024-11-15 21:55:11 +0000"
    },
    "done": true
  },
  "pfm:recipes/furniture/cherry_kitchen_counter": {
    "criteria": {
      "has_planks": "2024-11-15 21:55:11 +0000"
    },
    "done": true
  },
  "valhelsia_furniture:recipes/decorations/green_spruce_chair": {
    "criteria": {
      "has_spruce_planks": "2024-11-15 21:55:11 +0000"
    },
    "done": true
  },
  "pfm:recipes/furniture/gray_simple_sofa": {
    "criteria": {
      "has_wool": "2024-11-15 21:55:11 +0000"
    },
    "done": true
  },
  "valhelsia_furniture:recipes/decorations/orange_spruce_chair": {
    "criteria": {
      "has_spruce_planks": "2024-11-15 21:55:11 +0000"
    },
    "done": true
  },
  "valhelsia_furniture:recipes/decorations/cyan_spruce_chair": {
    "criteria": {
      "has_spruce_planks": "2024-11-15 21:55:11 +0000"
    },
    "done": true
  },
  "pfm:recipes/furniture/cherry_kitchen_wall_small_drawer": {
    "criteria": {
      "has_planks": "2024-11-15 21:55:11 +0000"
    },
    "done": true
  },
  "valhelsia_furniture:recipes/decorations/magenta_spruce_chair": {
    "criteria": {
      "has_spruce_planks": "2024-11-15 21:55:11 +0000"
    },
    "done": true
  },
  "pfm:recipes/furniture/stone_kitchen_counter_oven": {
    "criteria": {
      "has_planks": "2024-11-15 21:55:11 +0000"
    },
    "done": true
  },
  "pfm:recipes/furniture/mangrove_white_classic_bed": {
    "criteria": {
      "has_bed": "2024-11-15 21:55:11 +0000"
    },
    "done": true
  },
  "cobblemon:recipes/balls/friend_ball": {
    "criteria": {
      "has_green_apricorn": "2024-11-15 21:55:11 +0000",
      "has_red_apricorn": "2024-11-15 22:25:17 +0000"
    },
    "done": false
  },
  "cobblemon:recipes/consumables/naughty_mint": {
    "criteria": {
      "has_benefit_mint": "2024-11-15 21:55:11 +0000",
      "has_detriment_mint": "2024-11-15 21:55:11 +0000"
    },
    "done": true
  },
  "knightquest:recipes/misc/silver_chestplate": {
    "criteria": {
      "has_feather": "2024-11-15 21:55:11 +0000"
    },
    "done": true
  },
  "minecraft:story/upgrade_tools": {
    "criteria": {
      "stone_pickaxe": "2024-11-15 21:55:11 +0000"
    },
    "done": true
  },
  "pfm:recipes/furniture/innocent_wood_wizards_reborn_white_classic_bed": {
    "criteria": {
      "has_bed": "2024-11-15 21:55:11 +0000"
    },
    "done": true
  },
  "forbidden_arcanus:recipes/tools/stone_blacksmith_gavel": {
    "criteria": {
      "has_stone_tool_materials": "2024-11-15 21:55:11 +0000"
    },
    "done": true
  },
  "minecraft:recipes/redstone/spruce_trapdoor": {
    "criteria": {
      "has_planks": "2024-11-15 21:55:11 +0000"
    },
    "done": true
  },
  "pfm:recipes/furniture/spruce_table_classic": {
    "criteria": {
      "has_planks": "2024-11-15 21:55:11 +0000"
    },
    "done": true
  },
  "cobblemon:recipes/balls/verdant_ball": {
    "criteria": {
      "has_green_apricorn": "2024-11-15 21:55:11 +0000"
    },
    "done": true
  },
  "pfm:recipes/furniture/gray_arm_chair": {
    "criteria": {
      "has_wool": "2024-11-15 21:55:11 +0000"
    },
    "done": true
  },
  "pfm:recipes/furniture/cherry_white_simple_bed": {
    "criteria": {
      "has_bed": "2024-11-15 21:55:11 +0000"
    },
    "done": true
  },
  "cobblemon:recipes/consumables/serious_mint": {
    "criteria": {
      "has_mint_leaf": "2024-11-15 21:55:11 +0000"
    },
    "done": true
  },
  "valhelsia_furniture:recipes/decorations/blue_upholstered_spruce_chair": {
    "criteria": {
      "has_spruce_planks": "2024-11-15 21:55:11 +0000"
    },
    "done": true
  },
  "cobblemon:recipes/balls/sport_ball": {
    "criteria": {
      "has_white_apricorn": "2024-11-15 21:55:11 +0000",
      "has_red_apricorn": "2024-11-15 22:25:17 +0000"
    },
    "done": true
  },
  "pfm:recipes/furniture/cypress_goodending_white_simple_bed": {
    "criteria": {
      "has_bed": "2024-11-15 21:55:11 +0000"
    },
    "done": true
  },
  "cobblemon:recipes/consumables/adamant_mint": {
    "criteria": {
      "has_benefit_mint": "2024-11-15 21:55:11 +0000"
    },
    "done": false
  },
  "pfm:recipes/furniture/cherry_log_stool": {
    "criteria": {
      "has_log": "2024-11-15 21:55:11 +0000"
    },
    "done": true
  },
  "pfm:recipes/furniture/spruce_chair": {
    "criteria": {
      "has_planks": "2024-11-15 21:55:11 +0000"
    },
    "done": true
  },
  "cobblemon:recipes/balls/timer_ball": {
    "criteria": {
      "has_white_apricorn": "2024-11-15 21:55:11 +0000",
      "has_red_apricorn": "2024-11-15 22:25:17 +0000"
    },
    "done": false
  },
  "cobblemon:recipes/consumables/lonely_mint": {
    "criteria": {
      "has_benefit_mint": "2024-11-15 21:55:11 +0000"
    },
    "done": false
  },
  "iceandfire:recipes/misc/dragon_horn": {
    "criteria": {
      "has_item": "2024-11-15 21:55:11 +0000"
    },
    "done": true
  },
  "iceandfire:recipes/misc/dragon_stick": {
    "criteria": {
      "has_item": "2024-11-15 21:55:11 +0000"
    },
    "done": true
  },
  "pfm:recipes/furniture/acacia_white_simple_bed": {
    "criteria": {
      "has_bed": "2024-11-15 21:55:11 +0000"
    },
    "done": true
  },
  "knightquest:recipes/misc/steel_axe": {
    "criteria": {
      "has_charcoal": "2024-11-15 21:55:11 +0000"
    },
    "done": true
  },
  "valhelsia_furniture:recipes/decorations/light_blue_upholstered_spruce_chair": {
    "criteria": {
      "has_spruce_planks": "2024-11-15 21:55:11 +0000"
    },
    "done": true
  },
  "cobblemon:recipes/consumables/bold_mint": {
    "criteria": {
      "has_detriment_mint": "2024-11-15 21:55:11 +0000"
    },
    "done": false
  },
  "pfm:recipes/furniture/spruce_table_dinner": {
    "criteria": {
      "has_planks": "2024-11-15 21:55:11 +0000"
    },
    "done": true
  },
  "cobblemon:recipes/held/power_band": {
    "criteria": {
      "has_mint": "2024-11-15 21:55:11 +0000"
    },
    "done": true
  },
  "valhelsia_furniture:recipes/decorations/gray_upholstered_spruce_chair": {
    "criteria": {
      "has_spruce_planks": "2024-11-15 21:55:11 +0000"
    },
    "done": true
  },
  "cobblemon:obtain_all_berries": {
    "criteria": {
      "obtain_pinap_berry": "2024-11-15 22:20:49 +0000",
      "obtain_chilan_berry": "2024-11-15 22:18:58 +0000",
      "obtain_persim_berry": "2024-11-15 22:14:09 +0000",
      "obtain_pecha_berry": "2024-11-15 22:17:18 +0000",
      "obtain_oran_berry": "2024-11-15 21:55:11 +0000",
      "obtain_bluk_berry": "2024-11-15 21:55:11 +0000"
    },
    "done": false
  },
  "pfm:recipes/furniture/spruce_classic_stool": {
    "criteria": {
      "has_planks": "2024-11-15 21:55:11 +0000"
    },
    "done": true
  },
  "cobblemon:recipes/balls/dive_ball": {
    "criteria": {
      "has_white_apricorn": "2024-11-15 21:55:11 +0000"
    },
    "done": false
  },
  "pfm:recipes/furniture/muddy_oak_goodending_white_simple_bed": {
    "criteria": {
      "has_bed": "2024-11-15 21:55:11 +0000"
    },
    "done": true
  },
  "pfm:recipes/furniture/orange_arm_chair": {
    "criteria": {
      "has_wool": "2024-11-15 21:55:11 +0000"
    },
    "done": true
  },
  "minecraft:story/mine_stone": {
    "criteria": {
      "get_stone": "2024-11-15 21:55:11 +0000"
    },
    "done": true
  },
  "minecraft:recipes/decorations/furnace": {
    "criteria": {
      "has_cobblestone": "2024-11-15 21:55:11 +0000"
    },
    "done": true
  },
  "vinery:recipes/spruce_wine_rack_big": {
    "criteria": {
      "has_spruce_planks": "2024-11-15 21:55:11 +0000"
    },
    "done": true
  },
  "valhelsia_furniture:recipes/decorations/spruce_desk_drawer": {
    "criteria": {
      "has_spruce_planks": "2024-11-15 21:55:11 +0000"
    },
    "done": true
  },
  "pfm:recipes/furniture/red_simple_sofa": {
    "criteria": {
      "has_wool": "2024-11-15 21:55:11 +0000"
    },
    "done": true
  },
  "valhelsia_furniture:recipes/decorations/yellow_upholstered_spruce_chair": {
    "criteria": {
      "has_spruce_planks": "2024-11-15 21:55:11 +0000"
    },
    "done": true
  },
  "minecraft:recipes/building_blocks/cobblestone_slab_from_cobblestone_stonecutting": {
    "criteria": {
      "has_cobblestone": "2024-11-15 21:55:11 +0000"
    },
    "done": true
  },
  "pfm:recipes/furniture/jungle_white_classic_bed": {
    "criteria": {
      "has_bed": "2024-11-15 21:55:11 +0000"
    },
    "done": true
  },
  "iceandfire:recipes/misc/dragon_flute": {
    "criteria": {
      "has_item": "2024-11-15 21:55:11 +0000"
    },
    "done": true
  },
  "vinery:recipes/spruce_wine_rack_small": {
    "criteria": {
      "has_spruce_planks": "2024-11-15 21:55:11 +0000"
    },
    "done": true
  },
  "knightquest:recipes/misc/silver_helmet": {
    "criteria": {
      "has_feather": "2024-11-15 21:55:11 +0000"
    },
    "done": true
  },
  "pfm:recipes/furniture/brown_arm_chair": {
    "criteria": {
      "has_wool": "2024-11-15 21:55:11 +0000"
    },
    "done": true
  },
  "another_furniture:recipes/spruce_table": {
    "criteria": {
      "has_planks": "2024-11-15 21:55:11 +0000"
    },
    "done": true
  },
  "valhelsia_furniture:recipes/decorations/brown_spruce_chair": {
    "criteria": {
      "has_spruce_planks": "2024-11-15 21:55:11 +0000"
    },
    "done": true
  },
  "minecraft:recipes/building_blocks/stone": {
    "criteria": {
      "has_cobblestone": "2024-11-15 21:55:11 +0000"
    },
    "done": true
  },
  "pfm:recipes/furniture/purple_simple_sofa": {
    "criteria": {
      "has_wool": "2024-11-15 21:55:11 +0000"
    },
    "done": true
  },
  "valhelsia_furniture:recipes/decorations/purple_spruce_chair": {
    "criteria": {
      "has_spruce_planks": "2024-11-15 21:55:11 +0000"
    },
    "done": true
  },
  "cobblemon:recipes/balls/nest_ball": {
    "criteria": {
      "has_green_apricorn": "2024-11-15 21:55:11 +0000"
    },
    "done": false
  },
  "cobblemon:recipes/consumables/modest_mint": {
    "criteria": {
      "has_detriment_mint": "2024-11-15 21:55:11 +0000"
    },
    "done": false
  },
  "vinery:recipes/grapevine_pot": {
    "criteria": {
      "has_spruce_planks": "2024-11-15 21:55:11 +0000"
    },
    "done": true
  },
  "pfm:recipes/furniture/spruce_white_classic_bed": {
    "criteria": {
      "has_bed": "2024-11-15 21:55:11 +0000"
    },
    "done": true
  },
  "cobblemon:harvest_apricorn": {
    "criteria": {
      "check_inv": "2024-11-15 21:55:11 +0000"
    },
    "done": true
  },
  "pfm:recipes/furniture/cherry_raw_table_log": {
    "criteria": {
      "has_log": "2024-11-15 21:55:11 +0000"
    },
    "done": true
  },
  "minecraft:recipes/decorations/spruce_fence": {
    "criteria": {
      "has_planks": "2024-11-15 21:55:11 +0000"
    },
    "done": true
  },
  "travelersbackpack:recipes/misc/chicken": {
    "criteria": {
      "has_feather": "2024-11-15 21:55:11 +0000"
    },
    "done": true
  },
  "pfm:recipes/furniture/red_arm_chair": {
    "criteria": {
      "has_wool": "2024-11-15 21:55:11 +0000"
    },
    "done": true
  },
  "tombstone:adventure/first_knowledge": {
    "criteria": {
      "coded_trigger": "2024-11-15 21:55:11 +0000"
    },
    "done": true
  },
  "pfm:recipes/furniture/arm_chair_leather": {
    "criteria": {
      "has_wool": "2024-11-15 21:55:11 +0000"
    },
    "done": true
  },
  "create:recipes/building_blocks/spruce_window": {
    "criteria": {
      "has_ingredient": "2024-11-15 21:55:11 +0000"
    },
    "done": true
  },
  "vinery:recipes/dark_cherry_shelf": {
    "criteria": {
      "has_spruce_planks": "2024-11-15 21:55:11 +0000"
    },
    "done": true
  },
  "cobblemon:recipes/agriculture/mulch_base": {
    "criteria": {
      "has_berry": "2024-11-15 21:55:11 +0000"
    },
    "done": true
  },
  "valhelsia_furniture:recipes/decorations/pink_upholstered_spruce_chair": {
    "criteria": {
      "has_spruce_planks": "2024-11-15 21:55:11 +0000"
    },
    "done": true
  },
  "pfm:recipes/furniture/stone_kitchen_counter": {
    "criteria": {
      "has_planks": "2024-11-15 21:55:11 +0000"
    },
    "done": true
  },
  "pfm:recipes/furniture/dark_oak_white_classic_bed": {
    "criteria": {
      "has_bed": "2024-11-15 21:55:11 +0000"
    },
    "done": true
  },
  "iceandfire:recipes/misc/nest": {
    "criteria": {
      "has_item": "2024-11-15 21:55:11 +0000"
    },
    "done": true
  },
  "knightquest:recipes/misc/bow_leggings": {
    "criteria": {
      "has_arrow": "2024-11-15 21:55:11 +0000"
    },
    "done": true
  },
  "pfm:recipes/furniture/stone_kitchen_drawer": {
    "criteria": {
      "has_planks": "2024-11-15 21:55:11 +0000"
    },
    "done": true
  },
  "iceandfire:recipes/combat/dragonbone_bow": {
    "criteria": {
      "has_item": "2024-11-15 21:55:11 +0000"
    },
    "done": true
  },
  "minecraft:recipes/redstone/spruce_pressure_plate": {
    "criteria": {
      "has_planks": "2024-11-15 21:55:11 +0000"
    },
    "done": true
  },
  "pfm:recipes/furniture/oak_kitchen_drawer": {
    "criteria": {
      "has_planks": "2024-11-15 21:55:11 +0000"
    },
    "done": true
  },
  "minecraft:recipes/tools/stone_pickaxe": {
    "criteria": {
      "has_cobblestone": "2024-11-15 21:55:11 +0000"
    },
    "done": true
  },
  "valhelsia_furniture:recipes/decorations/spruce_table": {
    "criteria": {
      "has_spruce_planks": "2024-11-15 21:55:11 +0000"
    },
    "done": true
  },
  "cobblemon:recipes/consumables/gentle_mint": {
    "criteria": {
      "has_benefit_mint": "2024-11-15 21:55:11 +0000"
    },
    "done": false
  },
  "pfm:recipes/furniture/brown_simple_sofa": {
    "criteria": {
      "has_wool": "2024-11-15 21:55:11 +0000"
    },
    "done": true
  },
  "pfm:recipes/furniture/muddy_oak_goodending_white_classic_bed": {
    "criteria": {
      "has_bed": "2024-11-15 21:55:11 +0000"
    },
    "done": true
  },
  "pfm:recipes/furniture/oak_kitchen_wall_counter": {
    "criteria": {
      "has_planks": "2024-11-15 21:55:11 +0000"
    },
    "done": true
  },
  "cobblemon:recipes/consumables/careful_mint": {
    "criteria": {
      "has_benefit_mint": "2024-11-15 21:55:11 +0000"
    },
    "done": false
  },
  "pfm:recipes/furniture/spruce_chair_classic": {
    "criteria": {
      "has_planks": "2024-11-15 21:55:11 +0000"
    },
    "done": true
  },
  "cobblemon:recipes/consumables/timid_mint": {
    "criteria": {
      "has_detriment_mint": "2024-11-15 21:55:11 +0000"
    },
    "done": false
  },
  "pfm:recipes/furniture/cyan_arm_chair": {
    "criteria": {
      "has_wool": "2024-11-15 21:55:11 +0000"
    },
    "done": true
  },
  "pfm:recipes/furniture/dreadwood_iceandfire_white_simple_bed": {
    "criteria": {
      "has_bed": "2024-11-15 21:55:11 +0000"
    },
    "done": true
  },
  "valhelsia_furniture:recipes/decorations/red_spruce_chair": {
    "criteria": {
      "has_spruce_planks": "2024-11-15 21:55:11 +0000"
    },
    "done": true
  },
  "pfm:recipes/furniture/spruce_chair_dinner": {
    "criteria": {
      "has_planks": "2024-11-15 21:55:11 +0000"
    },
    "done": true
  },
  "cobblemon:recipes/agriculture/white_apricorn_smelt_to_dye": {
    "criteria": {
      "has_apricorn": "2024-11-15 21:55:11 +0000"
    },
    "done": true
  },
  "iceandfire:recipes/tools/dragonbone_hoe": {
    "criteria": {
      "has_item": "2024-11-15 21:55:11 +0000"
    },
    "done": true
  },
  "cobblemon:obtain_mint": {
    "criteria": {
      "check_inv": "2024-11-15 21:55:11 +0000"
    },
    "done": true
  },
  "pfm:recipes/furniture/innocent_wood_wizards_reborn_white_simple_bed": {
    "criteria": {
      "has_bed": "2024-11-15 21:55:11 +0000"
    },
    "done": true
  },
  "cobblemon:recipes/consumables/naive_mint": {
    "criteria": {
      "has_detriment_mint": "2024-11-15 21:55:11 +0000"
    },
    "done": false
  },
  "vinery:main/crop_collector": {
    "criteria": {
      "vinery:red_grape_seeds": "2024-11-15 21:55:11 +0000"
    },
    "done": false
  },
  "pfm:recipes/furniture/spruce_simple_bunk_ladder": {
    "criteria": {
      "has_planks": "2024-11-15 21:55:11 +0000"
    },
    "done": true
  },
  "pfm:recipes/furniture/cherry_white_classic_bed": {
    "criteria": {
      "has_bed": "2024-11-15 21:55:11 +0000"
    },
    "done": true
  },
  "knightquest:recipes/misc/steel_sword": {
    "criteria": {
      "has_charcoal": "2024-11-15 21:55:11 +0000"
    },
    "done": true
  },
  "cobblemon:recipes/balls/lure_ball": {
    "criteria": {
      "has_green_apricorn": "2024-11-15 21:55:11 +0000",
      "has_red_apricorn": "2024-11-15 22:25:17 +0000"
    },
    "done": false
  },
  "minecraft:recipes/tools/stone_shovel": {
    "criteria": {
      "has_cobblestone": "2024-11-15 21:55:11 +0000"
    },
    "done": true
  },
  "pfm:recipes/furniture/apricorn_cobblemon_white_simple_bed": {
    "criteria": {
      "has_bed": "2024-11-15 21:55:11 +0000"
    },
    "done": true
  },
  "minecraft:recipes/building_blocks/oak_wood": {
    "criteria": {
      "has_log": "2024-11-15 21:55:11 +0000"
    },
    "done": true
  },
  "pfm:recipes/furniture/cyan_simple_sofa": {
    "criteria": {
      "has_wool": "2024-11-15 21:55:11 +0000"
    },
    "done": true
  },
  "valhelsia_furniture:recipes/decorations/light_gray_upholstered_spruce_chair": {
    "criteria": {
      "has_spruce_planks": "2024-11-15 21:55:11 +0000"
    },
    "done": true
  },
  "pfm:recipes/furniture/yellow_arm_chair": {
    "criteria": {
      "has_wool": "2024-11-15 21:55:11 +0000"
    },
    "done": true
  },
  "pfm:recipes/furniture/spruce_table_log": {
    "criteria": {
      "has_log": "2024-11-15 21:55:11 +0000"
    },
    "done": true
  },
  "pfm:recipes/furniture/apricorn_cobblemon_white_classic_bed": {
    "criteria": {
      "has_bed": "2024-11-15 21:55:11 +0000"
    },
    "done": true
  },
  "pfm:recipes/furniture/cherry_kitchen_drawer": {
    "criteria": {
      "has_planks": "2024-11-15 21:55:11 +0000"
    },
    "done": true
  },
  "valhelsia_furniture:recipes/decorations/red_upholstered_spruce_chair": {
    "criteria": {
      "has_spruce_planks": "2024-11-15 21:55:11 +0000"
    },
    "done": true
  },
  "pfm:recipes/furniture/green_arm_chair": {
    "criteria": {
      "has_wool": "2024-11-15 21:55:11 +0000"
    },
    "done": true
  },
  "minecraft:recipes/food/cooked_chicken": {
    "criteria": {
      "has_chicken": "2024-11-15 21:55:11 +0000"
    },
    "done": true
  },
  "valhelsia_furniture:recipes/decorations/spruce_chair": {
    "criteria": {
      "has_spruce_planks": "2024-11-15 21:55:11 +0000"
    },
    "done": true
  },
  "pfm:recipes/furniture/oak_kitchen_counter": {
    "criteria": {
      "has_planks": "2024-11-15 21:55:11 +0000"
    },
    "done": true
  },
  "iceandfire:recipes/tools/dragonbone_shovel": {
    "criteria": {
      "has_item": "2024-11-15 21:55:11 +0000"
    },
    "done": true
  },
  "cobblemon:recipes/consumables/brave_mint": {
    "criteria": {
      "has_benefit_mint": "2024-11-15 21:55:11 +0000"
    },
    "done": false
  },
  "minecraft:recipes/combat/arrow": {
    "criteria": {
      "has_feather": "2024-11-15 21:55:11 +0000"
    },
    "done": true
  },
  "cobblemon:recipes/balls/love_ball": {
    "criteria": {
      "has_white_apricorn": "2024-11-15 21:55:11 +0000",
      "has_pink_apricorn": "2024-11-15 22:27:49 +0000"
    },
    "done": true
  },
  "pfm:recipes/furniture/birch_white_simple_bed": {
    "criteria": {
      "has_bed": "2024-11-15 21:55:11 +0000"
    },
    "done": true
  },
  "pfm:recipes/furniture/arcane_wood_wizards_reborn_white_classic_bed": {
    "criteria": {
      "has_bed": "2024-11-15 21:55:11 +0000"
    },
    "done": true
  },
  "pfm:recipes/furniture/stone_kitchen_wall_counter": {
    "criteria": {
      "has_planks": "2024-11-15 21:55:11 +0000"
    },
    "done": true
  },
  "valhelsia_furniture:recipes/decorations/spruce_desk": {
    "criteria": {
      "has_spruce_planks": "2024-11-15 21:55:11 +0000"
    },
    "done": true
  },
  "cobblemon:recipes/agriculture/green_apricorn_smelt_to_dye": {
    "criteria": {
      "has_apricorn": "2024-11-15 21:55:11 +0000"
    },
    "done": true
  },
  "cobblemon:harvest_apricorn_seed": {
    "criteria": {
      "check_inv": "2024-11-15 21:55:11 +0000"
    },
    "done": true
  },
  "pfm:recipes/furniture/pewen_alexscaves_white_simple_bed": {
    "criteria": {
      "has_bed": "2024-11-15 21:55:11 +0000"
    },
    "done": true
  },
  "pfm:recipes/furniture/dark_cherry_vinery_white_simple_bed": {
    "criteria": {
      "has_bed": "2024-11-15 21:55:11 +0000"
    },
    "done": true
  },
  "pfm:recipes/furniture/cherry_kitchen_wall_counter": {
    "criteria": {
      "has_planks": "2024-11-15 21:55:11 +0000"
    },
    "done": true
  },
  "iceandfire:recipes/tools/dragonbone_axe": {
    "criteria": {
      "has_item": "2024-11-15 21:55:11 +0000"
    },
    "done": true
  },
  "valhelsia_furniture:recipes/decorations/green_upholstered_spruce_chair": {
    "criteria": {
      "has_spruce_planks": "2024-11-15 21:55:11 +0000"
    },
    "done": true
  },
  "pfm:recipes/furniture/dreadwood_iceandfire_white_classic_bed": {
    "criteria": {
      "has_bed": "2024-11-15 21:55:11 +0000"
    },
    "done": true
  },
  "iceandfire:recipes/building_blocks/raw_silver_to_raw_silver_block": {
    "criteria": {
      "has_raw_silver": "2024-11-15 21:55:11 +0000"
    },
    "done": true
  },
  "pfm:recipes/furniture/edelwood_forbidden_arcanus_white_classic_bed": {
    "criteria": {
      "has_bed": "2024-11-15 21:55:11 +0000"
    },
    "done": true
  },
  "pfm:recipes/furniture/crimson_white_simple_bed": {
    "criteria": {
      "has_bed": "2024-11-15 21:55:11 +0000"
    },
    "done": true
  },
  "iceandfire:recipes/tools/dragonbone_pickaxe": {
    "criteria": {
      "has_item": "2024-11-15 21:55:11 +0000"
    },
    "done": true
  },
  "minecraft:recipes/building_blocks/spruce_slab": {
    "criteria": {
      "has_planks": "2024-11-15 21:55:11 +0000"
    },
    "done": true
  },
  "cobblemon:recipes/balls/fast_ball": {
    "criteria": {
      "has_white_apricorn": "2024-11-15 21:55:11 +0000",
      "has_red_apricorn": "2024-11-15 22:25:17 +0000"
    },
    "done": false
  },
  "iceandfire:recipes/tools/silver_ingot_from_blasting_raw_silver": {
    "criteria": {
      "has_raw_silver": "2024-11-15 21:55:11 +0000"
    },
    "done": true
  },
  "minecraft:recipes/decorations/torch": {
    "criteria": {
      "has_stone_pickaxe": "2024-11-15 21:55:11 +0000"
    },
    "done": true
  },
  "vinery:recipes/grapevine_stem": {
    "criteria": {
      "has_oak_log": "2024-11-15 21:55:11 +0000"
    },
    "done": true
  },
  "pfm:recipes/furniture/pewen_alexscaves_white_classic_bed": {
    "criteria": {
      "has_bed": "2024-11-15 21:55:11 +0000"
    },
    "done": true
  },
  "valhelsia_furniture:recipes/decorations/orange_upholstered_spruce_chair": {
    "criteria": {
      "has_spruce_planks": "2024-11-15 21:55:11 +0000"
    },
    "done": true
  },
  "pfm:recipes/furniture/pink_simple_sofa": {
    "criteria": {
      "has_wool": "2024-11-15 21:55:11 +0000"
    },
    "done": true
  },
  "pfm:recipes/furniture/oak_kitchen_wall_small_drawer": {
    "criteria": {
      "has_planks": "2024-11-15 21:55:11 +0000"
    },
    "done": true
  },
  "cobblemon:recipes/consumables/sassy_mint": {
    "criteria": {
      "has_benefit_mint": "2024-11-15 21:55:11 +0000"
    },
    "done": false
  },
  "knightquest:recipes/misc/silver_leggings": {
    "criteria": {
      "has_feather": "2024-11-15 21:55:11 +0000"
    },
    "done": true
  },
  "pfm:recipes/furniture/black_simple_sofa": {
    "criteria": {
      "has_wool": "2024-11-15 21:55:11 +0000"
    },
    "done": true
  },
  "pfm:recipes/furniture/spruce_classic_nightstand": {
    "criteria": {
      "has_planks": "2024-11-15 21:55:11 +0000"
    },
    "done": true
  },
  "pfm:recipes/furniture/spruce_modern_stool": {
    "criteria": {
      "has_planks": "2024-11-15 21:55:11 +0000"
    },
    "done": true
  },
  "cobblemon:recipes/held/power_bracer": {
    "criteria": {
      "has_mint": "2024-11-15 21:55:11 +0000"
    },
    "done": true
  },
  "valhelsia_furniture:recipes/decorations/yellow_spruce_chair": {
    "criteria": {
      "has_spruce_planks": "2024-11-15 21:55:11 +0000"
    },
    "done": true
  },
  "pfm:recipes/furniture/stone_kitchen_sink": {
    "criteria": {
      "has_planks": "2024-11-15 21:55:11 +0000"
    },
    "done": true
  },
  "cobblemon:recipes/balls/net_ball": {
    "criteria": {
      "has_white_apricorn": "2024-11-15 21:55:11 +0000"
    },
    "done": false
  },
  "pfm:recipes/furniture/thornwood_alexscaves_white_classic_bed": {
    "criteria": {
      "has_bed": "2024-11-15 21:55:11 +0000"
    },
    "done": true
  },
  "pfm:recipes/furniture/oak_kitchen_counter_oven": {
    "criteria": {
      "has_planks": "2024-11-15 21:55:11 +0000"
    },
    "done": true
  },
  "travelersbackpack:recipes/misc/wolf": {
    "criteria": {
      "has_bone": "2024-11-15 21:55:11 +0000"
    },
    "done": true
  },
  "valhelsia_furniture:recipes/decorations/brown_upholstered_spruce_chair": {
    "criteria": {
      "has_spruce_planks": "2024-11-15 21:55:11 +0000"
    },
    "done": true
  },
  "cobblemon:recipes/balls/park_ball": {
    "criteria": {
      "has_green_apricorn": "2024-11-15 21:55:11 +0000",
      "has_red_apricorn": "2024-11-15 22:25:17 +0000"
    },
    "done": true
  },
  "minecraft:recipes/redstone/spruce_door": {
    "criteria": {
      "has_planks": "2024-11-15 21:55:11 +0000"
    },
    "done": true
  },
  "minecraft:recipes/redstone/spruce_fence_gate": {
    "criteria": {
      "has_planks": "2024-11-15 21:55:11 +0000"
    },
    "done": true
  },
  "cobblemon:recipes/consumables/lax_mint": {
    "criteria": {
      "has_detriment_mint": "2024-11-15 21:55:11 +0000"
    },
    "done": false
  },
  "pfm:recipes/furniture/blue_simple_sofa": {
    "criteria": {
      "has_wool": "2024-11-15 21:55:11 +0000"
    },
    "done": true
  },
  "pfm:recipes/furniture/spruce_table_basic": {
    "criteria": {
      "has_planks": "2024-11-15 21:55:11 +0000"
    },
    "done": true
  },
  "pfm:recipes/furniture/arcane_wood_wizards_reborn_white_simple_bed": {
    "criteria": {
      "has_bed": "2024-11-15 21:55:11 +0000"
    },
    "done": true
  },
  "pfm:recipes/furniture/light_blue_simple_sofa": {
    "criteria": {
      "has_wool": "2024-11-15 21:55:11 +0000"
    },
    "done": true
  },
  "iceandfire:recipes/tools/dragonbone_sword": {
    "criteria": {
      "has_item": "2024-11-15 21:55:11 +0000"
    },
    "done": true
  },
  "pfm:recipes/furniture/dark_cherry_vinery_white_classic_bed": {
    "criteria": {
      "has_bed": "2024-11-15 21:55:11 +0000"
    },
    "done": true
  },
  "pfm:recipes/furniture/oak_log_stool": {
    "criteria": {
      "has_log": "2024-11-15 21:55:11 +0000"
    },
    "done": true
  },
  "pfm:recipes/furniture/bamboo_white_classic_bed": {
    "criteria": {
      "has_bed": "2024-11-15 21:55:11 +0000"
    },
    "done": true
  },
  "pfm:recipes/furniture/aurum_forbidden_arcanus_white_simple_bed": {
    "criteria": {
      "has_bed": "2024-11-15 21:55:11 +0000"
    },
    "done": true
  },
  "pfm:recipes/furniture/fungyss_forbidden_arcanus_white_simple_bed": {
    "criteria": {
      "has_bed": "2024-11-15 21:55:11 +0000"
    },
    "done": true
  },
  "minecraft:recipes/building_blocks/cobblestone_stairs_from_cobblestone_stonecutting": {
    "criteria": {
      "has_cobblestone": "2024-11-15 21:55:11 +0000"
    },
    "done": true
  },
  "pfm:recipes/furniture/magenta_arm_chair": {
    "criteria": {
      "has_wool": "2024-11-15 21:55:11 +0000"
    },
    "done": true
  },
  "valhelsia_furniture:recipes/decorations/cyan_upholstered_spruce_chair": {
    "criteria": {
      "has_spruce_planks": "2024-11-15 21:55:11 +0000"
    },
    "done": true
  },
  "minecraft:recipes/tools/stone_hoe": {
    "criteria": {
      "has_cobblestone": "2024-11-15 21:55:11 +0000"
    },
    "done": true
  },
  "minecraft:recipes/building_blocks/spruce_stairs": {
    "criteria": {
      "has_planks": "2024-11-15 21:55:11 +0000"
    },
    "done": true
  },
  "pfm:recipes/furniture/orange_simple_sofa": {
    "criteria": {
      "has_wool": "2024-11-15 21:55:11 +0000"
    },
    "done": true
  },
  "knightquest:recipes/misc/silver_boots": {
    "criteria": {
      "has_feather": "2024-11-15 21:55:11 +0000"
    },
    "done": true
  },
  "pfm:recipes/furniture/light_blue_arm_chair": {
    "criteria": {
      "has_wool": "2024-11-15 21:55:11 +0000"
    },
    "done": true
  },
  "pfm:recipes/furniture/cypress_goodending_white_classic_bed": {
    "criteria": {
      "has_bed": "2024-11-15 21:55:11 +0000"
    },
    "done": true
  },
  "another_furniture:recipes/spruce_chair": {
    "criteria": {
      "has_planks": "2024-11-15 21:55:11 +0000"
    },
    "done": true
  },
  "pfm:recipes/furniture/spruce_chair_modern": {
    "criteria": {
      "has_planks": "2024-11-15 21:55:11 +0000"
    },
    "done": true
  },
  "pfm:recipes/furniture/oak_kitchen_cabinet": {
    "criteria": {
      "has_planks": "2024-11-15 21:55:11 +0000"
    },
    "done": true
  },
  "valhelsia_furniture:recipes/decorations/blue_spruce_chair": {
    "criteria": {
      "has_spruce_planks": "2024-11-15 21:55:11 +0000"
    },
    "done": true
  },
  "minecraft:recipes/misc/pink_dye_from_pink_petals": {
    "criteria": {
      "has_pink_petals": "2024-11-15 21:56:04 +0000"
    },
    "done": true
  },
  "minecraft:recipes/misc/iron_ingot_from_nuggets": {
    "criteria": {
      "has_iron_nugget": "2024-11-15 21:57:24 +0000"
    },
    "done": true
  },
  "another_furniture:recipes/service_bell": {
    "criteria": {
      "has_nugget": "2024-11-15 21:57:24 +0000"
    },
    "done": true
  },
  "minecraft:recipes/decorations/lantern": {
    "criteria": {
      "has_iron_nugget": "2024-11-15 21:57:24 +0000"
    },
    "done": true
  },
  "create:recipes/building_blocks/ornate_iron_window": {
    "criteria": {
      "has_ingredient": "2024-11-15 21:57:24 +0000"
    },
    "done": true
  },
  "knightquest:recipes/misc/conquistador2_helmet": {
    "criteria": {
      "has_iron_nugget": "2024-11-15 21:57:24 +0000"
    },
    "done": true
  },
  "minecraft:recipes/decorations/chain": {
    "criteria": {
      "has_iron_nugget": "2024-11-15 21:57:24 +0000"
    },
    "done": true
  },
  "cobblemon:recipes/held/soothe_bell": {
    "criteria": {
      "has_nugget": "2024-11-15 21:57:24 +0000"
    },
    "done": true
  },
  "tombstone:recipes/from_grave_dust": {
    "criteria": {
      "has_ingredient": "2024-11-15 21:58:19 +0000"
    },
    "done": true
  },
  "tombstone:adventure/first_grave": {
    "criteria": {
      "coded_trigger": "2024-11-15 21:59:01 +0000"
    },
    "done": true
  },
  "goodending:recipes/cypress_boat": {
    "criteria": {
      "in_water": "2024-11-15 22:13:28 +0000"
    },
    "done": true
  },
  "knightquest:recipes/misc/bamboo_chestplate": {
    "criteria": {
      "has_coal": "2024-11-15 22:05:56 +0000"
    },
    "done": true
  },
  "cobblemon:recipes/balls/dream_ball": {
    "criteria": {
      "has_red_apricorn": "2024-11-15 22:25:17 +0000",
      "has_pink_apricorn": "2024-11-15 22:27:49 +0000"
    },
    "done": false
  },
  "cobblemon:craft_base_balls": {
    "criteria": {
      "premier_ball": "2024-11-15 22:02:35 +0000"
    },
    "done": false
  },
  "knightquest:recipes/misc/bamboo_leggings": {
    "criteria": {
      "has_coal": "2024-11-15 22:05:56 +0000"
    },
    "done": true
  },
  "create:recipes/misc/crafting/kinetics/steam_engine": {
    "criteria": {
      "has_item": "2024-11-15 22:08:19 +0000"
    },
    "done": true
  },
  "minecraft:adventure/sleep_in_bed": {
    "criteria": {
      "slept_in_bed": "2024-11-15 22:17:53 +0000"
    },
    "done": true
  },
  "minecraft:recipes/transportation/cherry_boat": {
    "criteria": {
      "in_water": "2024-11-15 22:13:28 +0000"
    },
    "done": true
  },
  "farmersdelight:recipes/cooking/baked_cod_stew": {
    "criteria": {
      "has_any_ingredient": "2024-11-15 22:18:30 +0000"
    },
    "done": true
  },
  "create:recipes/misc/crafting/appliances/copper_diving_helmet": {
    "criteria": {
      "has_item": "2024-11-15 22:08:19 +0000"
    },
    "done": true
  },
  "minecraft:recipes/misc/copper_ingot_from_blasting_raw_copper": {
    "criteria": {
      "has_raw_copper": "2024-11-15 22:07:16 +0000"
    },
    "done": true
  },
  "chalk:recipes/tools/chalk_box": {
    "criteria": {
      "has_chalk": "2024-11-15 22:16:03 +0000"
    },
    "done": true
  },
  "minecraft:recipes/food/cooked_porkchop": {
    "criteria": {
      "has_porkchop": "2024-11-15 22:00:52 +0000"
    },
    "done": true
  },
  "minecraft:recipes/tools/brush": {
    "criteria": {
      "has_copper_ingot": "2024-11-15 22:08:19 +0000"
    },
    "done": true
  },
  "create:recipes/misc/crafting/kinetics/copper_valve_handle": {
    "criteria": {
      "has_item": "2024-11-15 22:08:19 +0000"
    },
    "done": true
  },
  "minecraft:recipes/transportation/acacia_boat": {
    "criteria": {
      "in_water": "2024-11-15 22:13:28 +0000"
    },
    "done": true
  },
  "cobblemon:craft_all_balls": {
    "criteria": {
      "premier_ball": "2024-11-15 22:02:35 +0000"
    },
    "done": false
  },
  "cobblemon:craft_poke_ball": {
    "criteria": {
      "requirement": "2024-11-15 22:02:35 +0000"
    },
    "done": true
  },
  "minecraft:recipes/food/cooked_porkchop_from_smoking": {
    "criteria": {
      "has_porkchop": "2024-11-15 22:00:52 +0000"
    },
    "done": true
  },
  "create:recipes/misc/crafting/kinetics/copper_valve_handle_from_others": {
    "criteria": {
      "has_item": "2024-11-15 22:08:19 +0000"
    },
    "done": true
  },
  "create:recipes/decorations/copper_bars_from_ingots_copper_stonecutting": {
    "criteria": {
      "has_ingots_copper": "2024-11-15 22:08:19 +0000"
    },
    "done": true
  },
  "cobblemon:recipes/balls/poke_ball": {
    "criteria": {
      "has_red_apricorn": "2024-11-15 22:25:17 +0000"
    },
    "done": true
  },
  "minecraft:recipes/transportation/jungle_boat": {
    "criteria": {
      "in_water": "2024-11-15 22:13:28 +0000"
    },
    "done": true
  },
  "minecraft:recipes/food/baked_potato_from_campfire_cooking": {
    "criteria": {
      "has_potato": "2024-11-15 22:18:30 +0000"
    },
    "done": true
  },
  "cobblemon:recipes/balls/repeat_ball": {
    "criteria": {
      "has_red_apricorn": "2024-11-15 22:25:17 +0000"
    },
    "done": false
  },
  "knightquest:recipes/misc/shield_chestplate": {
    "criteria": {
      "has_copper_ingot": "2024-11-15 22:08:19 +0000"
    },
    "done": true
  },
  "create:recipes/misc/crafting/materials/copper_nugget": {
    "criteria": {
      "has_item": "2024-11-15 22:08:19 +0000"
    },
    "done": true
  },
  "knightquest:recipes/misc/shield_leggings": {
    "criteria": {
      "has_copper_ingot": "2024-11-15 22:08:19 +0000"
    },
    "done": true
  },
  "minecraft:recipes/decorations/smoker": {
    "criteria": {
      "has_furnace": "2024-11-15 22:04:50 +0000"
    },
    "done": true
  },
  "minecraft:recipes/building_blocks/emerald_block": {
    "criteria": {
      "has_emerald": "2024-11-15 22:16:58 +0000"
    },
    "done": true
  },
  "minecraft:recipes/transportation/spruce_boat": {
    "criteria": {
      "in_water": "2024-11-15 22:13:28 +0000"
    },
    "done": true
  },
  "cobblemon:recipes/agriculture/red_apricorn_smelt_to_dye": {
    "criteria": {
      "has_apricorn": "2024-11-15 22:25:17 +0000"
    },
    "done": true
  },
  "cobblemon:recipes/held/cell_battery": {
    "criteria": {
      "has_copper": "2024-11-15 22:08:19 +0000"
    },
    "done": true
  },
  "create:recipes/misc/crafting/kinetics/fluid_valve": {
    "criteria": {
      "has_item": "2024-11-15 22:08:19 +0000"
    },
    "done": true
  },
  "minecraft:recipes/transportation/mangrove_boat": {
    "criteria": {
      "in_water": "2024-11-15 22:13:28 +0000"
    },
    "done": true
  },
  "create:recipes/decorations/copper_ladder_from_ingots_copper_stonecutting": {
    "criteria": {
      "has_ingots_copper": "2024-11-15 22:08:19 +0000"
    },
    "done": true
  },
  "knightquest:recipes/misc/shield_helmet": {
    "criteria": {
      "has_copper_ingot": "2024-11-15 22:08:19 +0000"
    },
    "done": true
  },
  "cobblemon:recipes/balls/great_ball": {
    "criteria": {
      "has_red_apricorn": "2024-11-15 22:25:17 +0000"
    },
    "done": false
  },
  "knightquest:recipes/misc/bamboo_green_helmet": {
    "criteria": {
      "has_emerald": "2024-11-15 22:16:58 +0000"
    },
    "done": true
  },
  "minecraft:recipes/food/baked_potato_from_smoking": {
    "criteria": {
      "has_potato": "2024-11-15 22:18:30 +0000"
    },
    "done": true
  },
  "cobblemon:first_catch": {
    "criteria": {
      "catch": "2024-11-15 22:09:22 +0000"
    },
    "done": true
  },
  "cobblemon:recipes/balls/luxury_ball": {
    "criteria": {
      "has_red_apricorn": "2024-11-15 22:25:17 +0000"
    },
    "done": false
  },
  "iceandfire:recipes/misc/copper_ingot_to_nuggets": {
    "criteria": {
      "has_item": "2024-11-15 22:08:19 +0000"
    },
    "done": true
  },
  "cobblemon:recipes/agriculture/pink_apricorn_smelt_to_dye": {
    "criteria": {
      "has_apricorn": "2024-11-15 22:27:49 +0000"
    },
    "done": true
  },
  "minecraft:recipes/transportation/dark_oak_boat": {
    "criteria": {
      "in_water": "2024-11-15 22:13:28 +0000"
    },
    "done": true
  },
  "cobblemon:recipes/blocks/healing_machine": {
    "criteria": {
      "has_copper_ingot": "2024-11-15 22:08:19 +0000"
    },
    "done": true
  },
  "create:recipes/misc/crafting/kinetics/steam_whistle": {
    "criteria": {
      "has_item": "2024-11-15 22:08:19 +0000"
    },
    "done": true
  },
  "create:recipes/misc/crafting/appliances/copper_backtank": {
    "criteria": {
      "has_item": "2024-11-15 22:08:19 +0000"
    },
    "done": true
  },
  "knightquest:recipes/misc/bamboo_green_leggings": {
    "criteria": {
      "has_emerald": "2024-11-15 22:16:58 +0000"
    },
    "done": true
  },
  "create:copper": {
    "criteria": {
      "0": "2024-11-15 22:08:19 +0000"
    },
    "done": true
  },
  "cobblemon:recipes/balls/level_ball": {
    "criteria": {
      "has_red_apricorn": "2024-11-15 22:25:17 +0000",
      "has_pink_apricorn": "2024-11-15 22:27:49 +0000"
    },
    "done": false
  },
  "minecraft:recipes/redstone/lightning_rod": {
    "criteria": {
      "has_copper_ingot": "2024-11-15 22:08:19 +0000"
    },
    "done": true
  },
  "minecraft:recipes/transportation/bamboo_raft": {
    "criteria": {
      "in_water": "2024-11-15 22:13:28 +0000"
    },
    "done": true
  },
  "create:recipes/building_blocks/copper_tiles_from_ingots_copper_stonecutting": {
    "criteria": {
      "has_ingots_copper": "2024-11-15 22:08:19 +0000"
    },
    "done": true
  },
  "create:recipes/misc/crafting/kinetics/fluid_pipe_vertical": {
    "criteria": {
      "has_item": "2024-11-15 22:08:19 +0000"
    },
    "done": true
  },
  "chalk:adventure/vandalism": {
    "criteria": {
      "draw_in_village_savanna": "2024-11-15 22:17:18 +0000"
    },
    "done": true
  },
  "create:recipes/misc/crafting/kinetics/mechanical_pump": {
    "criteria": {
      "has_item": "2024-11-15 22:08:19 +0000"
    },
    "done": true
  },
  "minecraft:recipes/building_blocks/copper_block": {
    "criteria": {
      "has_copper_ingot": "2024-11-15 22:08:19 +0000"
    },
    "done": true
  },
  "knightquest:recipes/misc/bamboo_boots": {
    "criteria": {
      "has_coal": "2024-11-15 22:05:56 +0000"
    },
    "done": true
  },
  "minecraft:recipes/building_blocks/raw_copper_block": {
    "criteria": {
      "has_raw_copper": "2024-11-15 22:07:16 +0000"
    },
    "done": true
  },
  "create:recipes/misc/crafting/appliances/copper_diving_boots": {
    "criteria": {
      "has_item": "2024-11-15 22:08:19 +0000"
    },
    "done": true
  },
  "forbidden_arcanus:recipes/misc/clibano_combustion/copper_ingot_from_clibano_combusting_raw_copper": {
    "criteria": {
      "has_item": "2024-11-15 22:07:16 +0000"
    },
    "done": true
  },
  "knightquest:recipes/misc/husk_helmet2": {
    "criteria": {
      "has_emerald": "2024-11-15 22:16:58 +0000"
    },
    "done": true
  },
  "create:recipes/misc/crafting/kinetics/smart_fluid_pipe": {
    "criteria": {
      "has_item": "2024-11-15 22:08:19 +0000"
    },
    "done": true
  },
  "tombstone:adventure/easy_opening": {
    "criteria": {
      "coded_trigger": "2024-11-15 21:59:57 +0000"
    },
    "done": true
  },
  "knightquest:recipes/misc/bamboo_green_chestplate": {
    "criteria": {
      "has_emerald": "2024-11-15 22:16:58 +0000"
    },
    "done": true
  },
  "travelersbackpack:recipes/misc/pig": {
    "criteria": {
      "has_porkchop": "2024-11-15 22:00:52 +0000"
    },
    "done": true
  },
  "cobblemon:recipes/transportation/apricorn_boat": {
    "criteria": {
      "in_water": "2024-11-15 22:13:28 +0000"
    },
    "done": true
  },
  "minecraft:recipes/food/baked_potato": {
    "criteria": {
      "has_potato": "2024-11-15 22:18:30 +0000"
    },
    "done": true
  },
  "farmersdelight:recipes/cooking/noodle_soup": {
    "criteria": {
      "has_any_ingredient": "2024-11-15 22:00:52 +0000"
    },
    "done": true
  },
  "create:recipes/building_blocks/copper_shingles_from_ingots_copper_stonecutting": {
    "criteria": {
      "has_ingots_copper": "2024-11-15 22:08:19 +0000"
    },
    "done": true
  },
  "create:recipes/misc/crafting/kinetics/fluid_pipe": {
    "criteria": {
      "has_item": "2024-11-15 22:08:19 +0000"
    },
    "done": true
  },
  "minecraft:recipes/food/cooked_porkchop_from_campfire_cooking": {
    "criteria": {
      "has_porkchop": "2024-11-15 22:00:52 +0000"
    },
    "done": true
  },
  "farmersdelight:recipes/cooking/pumpkin_soup": {
    "criteria": {
      "has_any_ingredient": "2024-11-15 22:00:52 +0000"
    },
    "done": true
  },
  "travelersbackpack:recipes/misc/emerald": {
    "criteria": {
      "has_emerald": "2024-11-15 22:16:58 +0000"
    },
    "done": true
  },
  "minecraft:recipes/transportation/birch_boat": {
    "criteria": {
      "in_water": "2024-11-15 22:13:28 +0000"
    },
    "done": true
  },
  "cobblemon:recipes/balls/roseate_ball": {
    "criteria": {
      "has_pink_apricorn": "2024-11-15 22:27:49 +0000"
    },
    "done": true
  },
  "minecraft:recipes/transportation/oak_boat": {
    "criteria": {
      "in_water": "2024-11-15 22:13:28 +0000"
    },
    "done": true
  },
  "minecraft:recipes/building_blocks/coal_block": {
    "criteria": {
      "has_coal": "2024-11-15 22:05:56 +0000"
    },
    "done": true
  },
  "goodending:recipes/muddy_oak_boat": {
    "criteria": {
      "in_water": "2024-11-15 22:13:28 +0000"
    },
    "done": true
  },
  "farmersdelight:recipes/cooking/beef_stew": {
    "criteria": {
      "has_any_ingredient": "2024-11-15 22:18:30 +0000"
    },
    "done": true
  },
  "create:recipes/decorations/copper_scaffolding_from_ingots_copper_stonecutting": {
    "criteria": {
      "has_ingots_copper": "2024-11-15 22:08:19 +0000"
    },
    "done": true
  },
  "knightquest:recipes/misc/bamboo_helmet": {
    "criteria": {
      "has_coal": "2024-11-15 22:05:56 +0000"
    },
    "done": true
  },
  "create:recipes/misc/crafting/kinetics/hose_pulley": {
    "criteria": {
      "has_item": "2024-11-15 22:08:19 +0000"
    },
    "done": true
  },
  "knightquest:recipes/misc/bamboo_green_boots": {
    "criteria": {
      "has_emerald": "2024-11-15 22:16:58 +0000"
    },
    "done": true
  },
  "knightquest:recipes/misc/shield_boots": {
    "criteria": {
      "has_copper_ingot": "2024-11-15 22:08:19 +0000"
    },
    "done": true
  },
  "minecraft:recipes/misc/copper_ingot_from_smelting_raw_copper": {
    "criteria": {
      "has_raw_copper": "2024-11-15 22:07:16 +0000"
    },
    "done": true
  },
  "DataVersion": 3465
}